metric,scope,mean,std,seed_0,seed_1,seed_2,seed_3,seed_4
A6_path_mmd2,native,0.00204629,9.175e-05,0.0019362110131915591,0.0020196298033053686,0.0022115769261682947,0.0020596925090186832,0.002004343565498133
A7_terminal_mmd2,native,0.00205533,4.96e-05,0.0020288634790037244,0.0020303159389382756,0.002151831266120393,0.002050838260750802,0.002014820261912017
A8_increment_mmd2,native,0.00101035,1.224e-05,0.000998702394441775,0.0010113219877250224,0.0009957992772229307,0.0010293986410832012,0.0010165037152498613
A9_volatility_mmd,native,0.00993538,0.00036241,0.009539493429647015,0.009790407823023605,0.010618281105171833,0.009899746985421946,0.009828969301194462
A10_terminal_swd,native,1.35475439,0.32435161,1.0988804383458104,1.4033280168513005,1.9537079014530996,1.0522799527168003,1.2655756478005553
A11_path_swd,native,0.82588772,0.09446135,0.7264956481746496,0.8257949233245543,0.9942889958779287,0.7466957958246474,0.8361632314220302
A20_cov_error,native,80.26803064,12.98311516,62.904410730199025,102.22921453175846,76.9702328865994,84.48113710544963,74.75515793201123
A25_mean_rmse,native,1.64894605,0.29649269,2.0703721829562665,1.6493210591417387,1.6826734839155217,1.7014037847726,1.1409597270411789
A18_disc_score_gru,native,0.0265792,0.0046703,0.027922,0.034635,0.025481,0.02426,0.020598
A18_disc_score_mlp,native,0.0079038,0.00735065,0.004425,0.000153,0.021819,0.005951,0.007171
A1_kurtosis_error,per-asset-mean,0.01810944,0.00311578,0.018828648308426343,0.012049739291736472,0.018805157195351363,0.02055844047455796,0.020305224193701565
A2_abs_r_q95_error,per-asset-mean,0.00013958,1.008e-05,0.00014626028581770636,0.00015414523158637687,0.00012653413404002363,0.00014034176450501527,0.00013061082195311904
A3_abs_r_q99_error,per-asset-mean,0.0002083,2.196e-05,0.00021672430685778935,0.00019035173076831224,0.00017995064069038563,0.00024300854165997627,0.00021145482909440232
A4_tail_qq_error,per-asset-mean,0.00013509,7.31e-06,0.00013864290395843704,0.0001444581436885284,0.00012609108112509237,0.00013940760531601956,0.0001268750521993561
A5_hill_tail_index_error,per-asset-mean,0.72935616,0.19529038,0.4685960078101459,1.007494100145186,0.7883099184052911,0.8307365909405251,0.551644187486749
A12_rv_law_loss,per-asset-mean,0.14498591,0.00737873,0.14729522844077855,0.1544423769274163,0.13407724327367418,0.14994736866061975,0.1391673490629768
A13_mean_path_rmse,per-asset-mean,0.27658303,0.03024911,0.3005170811922147,0.27514048313706013,0.2887786901453402,0.2995494187858757,0.21892946916081216
A14_ks_logreturns,per-asset-mean,0.00258259,0.0002357,0.002968594372509955,0.0025617743868276872,0.0024730788759026318,0.0026592847360557836,0.0022502154468065153
A15_skewness_error,per-asset-mean,0.0074068,0.0006691,0.006876951356083807,0.007551135183120859,0.006460625199647016,0.007794319370651432,0.008350975755774342
A16_qq_rmse,per-asset-mean,8.085e-05,5.38e-06,8.761438185954162e-05,8.252238490876627e-05,7.607898407848958e-05,8.477135639244494e-05,7.32395842205084e-05
A17_terminal_ks,per-asset-mean,0.021698,0.00214712,0.0247955322265625,0.020538330078125,0.01971435546875,0.02374267578125,0.0196990966796875
A21_acf_abs,per-asset-mean,0.00471918,0.00031009,0.004924872751154298,0.004392721533965109,0.004303246026412269,0.005073728595267078,0.004901336253266749
A22_acf_sq,per-asset-mean,0.00344757,0.00029971,0.003683443605741342,0.0032619827191249567,0.002945778595498127,0.003724928055801773,0.0036216993725455325
A23_acf_lag1_abs_error,per-asset-mean,0.00519882,0.00033208,0.005231438570357413,0.004692699308553107,0.0050212205180411645,0.005683504504651298,0.005365212100982946
A24_acf_lag1_sq_error,per-asset-mean,0.00371402,0.00033267,0.003676066899660416,0.003460562709252605,0.0032617157774022546,0.004143081826785088,0.004028649950367367
A26_std_error,per-asset-mean,0.00654055,0.00041395,0.006001851469377512,0.006410780468104893,0.006956691206020105,0.007081865106988688,0.006251541857025672
A27_logreturn_std_error,per-asset-mean,6.341e-05,5.34e-06,6.740751940000631e-05,6.972874866463161e-05,6.079233679232455e-05,6.453701296775137e-05,5.4561488241821384e-05
A28_kurtosis_ratio,per-asset-mean,1.02012245,0.00440224,1.021876123627481,1.0122520179252907,1.0201944493297714,1.025752984639877,1.0205366577909023
A29_sigma_mean_error,per-asset-mean,0.00100476,9.103e-05,0.00107091173060039,0.0011205295109376658,0.000959890285103189,0.0010144902550986226,0.000857963847235424
A30_vol_path_rmse,per-asset-mean,0.30107961,0.02041177,0.26397976727600303,0.31888007852181083,0.2990996087904826,0.3027856061101723,0.3206529674284143
A31_rolling_vol_ks,per-asset-mean,0.00770382,0.00034215,0.008120949934368682,0.007486876205876777,0.007521347478333745,0.008101675674500253,0.007288264842168539
A32_vol_of_vol_error,per-asset-mean,4.796e-05,3.56e-06,4.957658182985124e-05,4.157768863475794e-05,4.724881377227017e-05,5.2216496832749695e-05,4.920403626403703e-05
A33_sigma_corr,per-asset-mean,-0.00041652,0.00060817,-0.0002206644347909904,-0.0005524487833166907,-0.0006729909773543824,-0.0012422128192057236,0.0006057116515100887
A34_sigma_rmse,per-asset-mean,0.1006371,8.387e-05,0.1006126341329143,0.1007552323464406,0.1006934162597255,0.10061777761571175,0.10050644960353491
B_log_ret_hist_funct,per-asset-mean,0.04273484,0.0035006,0.04883789118546299,0.04063776940168805,0.04091857954458945,0.04427909852077939,0.039000872180937785
B_log_ret_hist_der,per-asset-mean,0.03702559,0.00169148,0.040074670415322006,0.03600090575433539,0.037664840212742356,0.03565913224901399,0.035728380414619405
B_log_ret_hist_sec_der,per-asset-mean,0.10600294,0.00354667,0.11271160061973128,0.10608949276449947,0.10485636803169443,0.10373200069691499,0.10262521899534602
B_log_ret_hist_funct_pct,per-asset-mean,1.67239826,0.05288847,1.7088950362491762,1.6911308873388695,1.615985542796971,1.7405174276342767,1.6054624139067903
B_log_ret_hist_der_pct,per-asset-mean,30.36846719,1.62920624,31.960670000006015,31.707455913688896,31.19467044926762,29.264993847674557,27.71454575237203
B_log_ret_hist_sec_der_pct,per-asset-mean,493.1515799,63.92495078,575.2583908707518,518.6092743422206,529.0827022729068,394.4238577553348,448.38367427709545
B_log_ret_hist_funct_nrmse,per-asset-mean,0.53300648,0.01812885,0.5630564771776875,0.5196903751894826,0.5278386597640707,0.5425427274784254,0.5119041613826136
B_log_ret_hist_der_nrmse,per-asset-mean,10.92367494,0.221232,11.247966861349205,10.871951551693538,10.955075659388715,10.55992066684808,10.983459980724353
B_log_ret_hist_sec_der_nrmse,per-asset-mean,35.59700491,0.39417474,36.13049837769674,35.340025710037125,35.23920344243757,35.25366327099424,36.02163375447023
B_log_ret_hist_funct_cvar90,per-asset-mean,1.26722421,0.04072375,1.3234089394480635,1.2252600552296555,1.2627714323898012,1.3030027913218345,1.2216778369404633
B_log_ret_hist_funct_cvar95,per-asset-mean,1.547056,0.06047193,1.6333190151435053,1.4943019758323852,1.5422875923401262,1.5944280443126209,1.4709433775305745
B_qq_plot_funct,per-asset-mean,1e-08,0.0,8.93151474590653e-09,8.086702794490325e-09,7.171749608504627e-09,9.09031197676135e-09,6.705899313908834e-09
B_qq_plot_der,per-asset-mean,0.0,0.0,4.789321825678048e-10,3.470574416171266e-10,3.367179175071456e-10,5.633241405285143e-10,4.125493176454662e-10
B_qq_plot_sec_der,per-asset-mean,0.0,0.0,4.3813849649018615e-10,3.549275192897757e-10,3.3762652340581935e-10,4.5138455892929213e-10,3.436018578889309e-10
B_qq_plot_funct_pct,per-asset-mean,1.75311549,0.18741469,2.0641542664528556,1.6410984965708897,1.7705006742744234,1.790874596482296,1.4989493944333125
B_qq_plot_der_pct,per-asset-mean,1.05987162,0.03565589,1.093569925352527,1.0315247792011137,1.0195479376174954,1.1103733649073253,1.044342077626468
B_qq_plot_sec_der_pct,per-asset-mean,50.29953046,2.30825084,51.20192569798444,47.708394674328275,52.693576071761754,52.509262165832844,47.38449370724334
B_qq_plot_funct_nrmse,per-asset-mean,0.22773464,0.01445265,0.24634911453646946,0.22955104982136448,0.20981026712157003,0.2400860272834076,0.212876729153394
B_qq_plot_der_nrmse,per-asset-mean,0.26986037,0.02447854,0.2838760475885903,0.24456895916392285,0.2439804422589104,0.3084364134999243,0.2684400078894862
B_qq_plot_sec_der_nrmse,per-asset-mean,0.48425722,0.02834773,0.5081323350347735,0.462722516930176,0.45586628714093413,0.5276044559588193,0.46696049695935826
B_qq_plot_funct_cvar90,per-asset-mean,0.24058222,0.01322985,0.25557098465609196,0.24307770047740523,0.22214182276216127,0.25338403660985587,0.22873654982113262
B_qq_plot_funct_cvar95,per-asset-mean,0.29014997,0.01661289,0.3063246601580644,0.2863150895460864,0.2656003124987102,0.3108560668345042,0.28165372411978085
B_acf_abs_r_funct,per-asset-mean,1.738e-05,2.17e-06,1.8499049601454685e-05,1.539987765307859e-05,1.4325676855809616e-05,2.014357446621427e-05,1.8533691600330346e-05
B_acf_abs_r_der,per-asset-mean,4.36e-06,1.4e-07,4.315861164250346e-06,4.308839591931506e-06,4.157280062943552e-06,4.587157005460198e-06,4.4201828035689165e-06
B_acf_abs_r_sec_der,per-asset-mean,1.318e-05,2.5e-07,1.333580768851781e-05,1.3000924819448662e-05,1.2802627969799455e-05,1.3532229193050162e-05,1.3221717429173938e-05
B_acf_abs_r_funct_pct,per-asset-mean,6.187583,0.41921137,6.3781124192068726,5.554325544303195,5.849563223641686,6.6836296396751536,6.4722841853164255
B_acf_abs_r_der_pct,per-asset-mean,90.7186848,2.47652544,92.83786365998344,86.06760034475138,91.9220603056443,92.43456218695776,90.33133751518882
B_acf_abs_r_sec_der_pct,per-asset-mean,600.02564292,54.90515766,622.3518558520288,563.5583924740031,517.971763761911,678.8231946292956,617.4230078617858
B_acf_abs_r_funct_nrmse,per-asset-mean,7.72138918,0.50519725,8.037651422727887,7.019404370621162,7.229771636702735,8.3285320551421,7.9915864056784764
B_acf_abs_r_der_nrmse,per-asset-mean,48.9122238,0.9533776,48.794542257530736,47.25257087183169,48.91582856875062,50.11789572566761,49.48028157547359
B_acf_abs_r_sec_der_nrmse,per-asset-mean,100.29559387,2.20658962,100.905772108229,96.17360196111,100.50200877767544,102.80754185558017,101.08904466345167
B_acf_abs_r_funct_cvar90,per-asset-mean,12.90510904,0.64942563,13.019226453376817,12.16601306194499,12.14883254577244,13.704354369967929,13.487118791278911
B_acf_abs_r_funct_cvar95,per-asset-mean,13.68587605,0.64147042,13.733817074586579,13.05556163669013,12.866530171981443,14.43196164446245,14.341509708105722
B_acf_sq_r_funct,per-asset-mean,9.12e-06,1.32e-06,1.0005690954992196e-05,8.297362281705678e-06,6.928265925992841e-06,1.050604390578701e-05,9.851559257698184e-06
B_acf_sq_r_der,per-asset-mean,5.59e-06,2.4e-07,5.8398280356793295e-06,5.43208836042656e-06,5.214469523516777e-06,5.636279872450132e-06,5.811475234320603e-06
B_acf_sq_r_sec_der,per-asset-mean,1.713e-05,6.6e-07,1.8366759827171983e-05,1.667478675671236e-05,1.6524852629810674e-05,1.6900829738053284e-05,1.7183794700032893e-05
B_acf_sq_r_funct_pct,per-asset-mean,5.18340594,0.37292218,5.402909098654999,4.782614015977865,4.689906989148133,5.608345530342141,5.433254080024577
B_acf_sq_r_der_pct,per-asset-mean,142.10252831,9.27303799,149.85136852066643,138.92872845674094,129.36921732422587,137.11489081382453,155.24843645540304
B_acf_sq_r_sec_der_pct,per-asset-mean,2460.47469334,359.30136583,2799.2368991105136,2803.424802181805,2616.115123991144,1903.3985473144394,2180.1980940948984
B_acf_sq_r_funct_nrmse,per-asset-mean,6.29576259,0.49042119,6.660714633323843,5.7438471934100646,5.655490385575469,6.788929997428791,6.629830760452533
B_acf_sq_r_der_nrmse,per-asset-mean,53.09482175,1.16474566,54.62184402942885,51.88040485741715,51.86577789673363,52.829826499698214,54.27625545059625
B_acf_sq_r_sec_der_nrmse,per-asset-mean,95.24714172,1.95219146,98.56621243649846,92.67560199301127,95.74369672430944,94.17467188744797,95.07552558303423
B_acf_sq_r_funct_cvar90,per-asset-mean,11.54751338,0.83801671,11.938819006870112,10.41811602349948,10.692118288140055,12.142513607176895,12.54599999438527
B_acf_sq_r_funct_cvar95,per-asset-mean,12.60670383,0.80874197,12.79064307436607,11.343818523583069,12.100964927293319,13.14387981073627,13.65421282381093
B_roll_vol_hist_funct,per-asset-mean,1.07030427,0.06898651,1.141836849680343,0.9990501959762836,1.0102363794624547,1.1642540267853936,1.036143901250751
B_roll_vol_hist_der,per-asset-mean,0.41129709,0.034582,0.41905808873875766,0.38545334800323405,0.46716178446894036,0.3657899490413543,0.4190222858560452
B_roll_vol_hist_sec_der,per-asset-mean,1.23007379,0.12015071,1.270889188568593,1.1541250614793792,1.4214013394581793,1.0626953526158582,1.2412579837742852
B_roll_vol_hist_funct_pct,per-asset-mean,2.83916025,0.08300004,2.8744691627719137,2.7759369610404274,2.815290859875151,2.9818652331246067,2.7482390182727165
B_roll_vol_hist_der_pct,per-asset-mean,74.50326081,3.67257016,68.69566787029694,72.35916138118452,78.36576930381236,74.83994826266385,78.255757235651
B_roll_vol_hist_sec_der_pct,per-asset-mean,37942.92480934,17153.01933094,53622.56443856605,19049.926013728422,26504.566918490724,63019.296300152215,27518.27037576414
B_roll_vol_hist_funct_nrmse,per-asset-mean,1.11679506,0.0338406,1.1499724075978761,1.0787132246880424,1.091258681270501,1.1641054961279202,1.0999254704396373
B_roll_vol_hist_der_nrmse,per-asset-mean,10.80706815,0.39899136,10.677056559270031,10.488960807626103,11.402938830199487,10.338288441996982,11.128096130806583
B_roll_vol_hist_sec_der_nrmse,per-asset-mean,39.35174305,1.4582385,38.51623337919505,38.431315351015115,41.555850970029056,37.69090554804173,40.564410013780986
B_roll_vol_hist_funct_cvar90,per-asset-mean,2.47162492,0.06549434,2.541200252395517,2.422458846908949,2.3987992309113952,2.5591201393763408,2.436546140881842
B_roll_vol_hist_funct_cvar95,per-asset-mean,2.73208728,0.07558367,2.817572472791979,2.7191775336393005,2.6202121362000206,2.814194285185088,2.689279947223609
B_tail_surv_funct,per-asset-mean,6.17e-06,8e-07,7.2552869595313205e-06,6.410615948480308e-06,5.441369038466709e-06,6.6692408620298755e-06,5.065693196461356e-06
B_tail_surv_der,per-asset-mean,2e-08,0.0,1.9091755083959217e-08,1.8652123453739886e-08,1.7359319814597094e-08,1.9305951396513945e-08,1.6650509920577e-08
B_tail_surv_sec_der,per-asset-mean,2e-08,0.0,2.0052149169381428e-08,2.2789143905250116e-08,1.974921559123303e-08,2.0961424759181967e-08,1.9240614136253008e-08
B_tail_surv_funct_pct,per-asset-mean,0.70973416,0.04721344,0.7668213332948712,0.7464113987951521,0.6569070035801725,0.7274279371196326,0.6511031198779417
B_tail_surv_der_pct,per-asset-mean,1.05776656,0.03463675,1.0718147765801413,1.0812207422999691,1.042656792041327,1.0954172053361226,0.9977232735328393
B_tail_surv_sec_der_pct,per-asset-mean,10810.54771996,349.88672543,10781.165243270529,11438.274076132242,10615.383285940756,10830.129769936304,10387.786224537133
B_tail_surv_funct_nrmse,per-asset-mean,0.23486283,0.01478757,0.2571507869803137,0.2378139596927789,0.22178092354106613,0.2418774437877973,0.21569102305631266
B_tail_surv_der_nrmse,per-asset-mean,27584.91464401,782.99771159,28194.892240514746,27983.765190433012,26947.891270942575,28413.742391643937,26384.28212650981
B_tail_surv_sec_der_nrmse,per-asset-mean,29355.66024012,893.00562755,28985.954501307257,30924.225008906637,28814.18144735111,29690.650698262012,28363.289544784777
B_tail_surv_funct_cvar90,per-asset-mean,0.35689148,0.02000514,0.3845658346552223,0.36141943771670637,0.3401508378238194,0.3693457308053231,0.32897555056632294
B_tail_surv_funct_cvar95,per-asset-mean,0.36226868,0.02020576,0.3903484424965229,0.3663448170832856,0.3458990582764495,0.37491464558845566,0.3338364535791447
grid_tvd,per-asset-mean,3.3172123,0.05786476,3.3342815580822176,3.3028799390035966,3.307281978546627,3.410587613544767,3.2310304187593006
A19_pred_score_gru,per-asset-mean,0.04919595,2.76e-06,0.04920075,0.049192875,0.049195375,0.049193875,0.049196875
A19_pred_score_mlp,per-asset-mean,0.0493245,6.13e-05,0.049256625,0.04936375,0.049406624999999996,0.049250499999999996,0.049345
