metric,mean,std,seed_0,seed_1,seed_2,seed_3,seed_4
A1_kurtosis_error,0.100685,0.052727,0.061219,0.134424,0.163894,0.019229,0.124656
A2_abs_r_q95_error,0.002101,0.001373,0.000510,0.003517,0.002779,0.000381,0.003316
A3_abs_r_q99_error,0.002831,0.001858,0.000708,0.004701,0.003784,0.000467,0.004494
A4_tail_qq_error,0.002063,0.001343,0.000489,0.003445,0.002740,0.000396,0.003244
A5_hill_tail_index_error,3.693790,2.142007,0.216019,4.633417,6.391370,2.457888,4.770258
A6_path_mmd2,0.004171,0.001840,0.002427,0.004233,0.007633,0.003673,0.002888
A7_terminal_mmd2,0.003929,0.001225,0.002193,0.004216,0.005725,0.004505,0.003004
A8_increment_mmd2,0.002258,0.000789,0.001445,0.003090,0.002708,0.001172,0.002875
A9_volatility_mmd,0.052130,0.027233,0.022485,0.079660,0.072259,0.015701,0.070545
A10_terminal_swd,2.348332,1.013291,0.715087,2.713785,3.784673,1.906660,2.621452
A11_path_swd,1.846645,0.644582,1.042700,2.258463,2.873201,1.586186,1.472674
A12_rv_law_loss,0.841322,0.466587,0.232300,1.324776,1.072327,0.327646,1.249558
A13_mean_path_rmse,1.963165,0.502985,1.696829,2.149027,2.831417,1.350954,1.787595
A14_ks_logreturns,0.025298,0.014221,0.009792,0.039361,0.033627,0.006366,0.037345
A15_skewness_error,0.015146,0.005901,0.019932,0.023186,0.011065,0.006795,0.014752
A16_qq_rmse,0.001058,0.000643,0.000326,0.001722,0.001386,0.000240,0.001618
A17_terminal_ks,0.067456,0.021120,0.058350,0.066895,0.102051,0.037109,0.072876
A18_disc_score_gru,0.010467,0.009703,0.003814,0.006561,0.029753,0.006866,0.005340
A18_disc_score_mlp,0.050442,0.036738,0.080714,0.009307,0.061184,0.095362,0.005645
A19_pred_score_gru,0.050088,0.000056,0.050115,0.050187,0.050042,0.050054,0.050042
A19_pred_score_mlp,0.050192,0.000358,0.050898,0.050101,0.049970,0.049937,0.050053
A20_cov_error,17.722317,11.975156,15.202845,7.975790,25.004263,3.627721,36.800965
A21_acf_abs,0.010231,0.004203,0.010247,0.014746,0.014619,0.003661,0.007880
A22_acf_sq,0.009593,0.003496,0.008540,0.012992,0.013217,0.003650,0.009566
A23_acf_lag1_abs_error,0.016160,0.005836,0.018176,0.022292,0.021661,0.007718,0.010955
A24_acf_lag1_sq_error,0.015449,0.004782,0.015661,0.020790,0.020196,0.008039,0.012559
A25_mean_rmse,1.998150,0.979369,1.570522,2.188684,3.387145,0.426233,2.418168
A26_std_error,0.090982,0.054280,0.043844,0.151026,0.105072,0.012903,0.142065
A27_logreturn_std_error,0.001072,0.000680,0.000291,0.001773,0.001416,0.000212,0.001665
A28_kurtosis_ratio,0.992470,0.079447,1.024871,0.916041,0.947903,1.133611,0.939925
A29_sigma_mean_error,0.016549,0.010190,0.004153,0.027233,0.021310,0.004440,0.025608
A30_vol_path_rmse,0.442266,0.269867,0.222417,0.192442,0.562735,0.318612,0.915122
A31_rolling_vol_ks,0.086267,0.051710,0.035269,0.145470,0.106829,0.015194,0.128570
A32_vol_of_vol_error,0.000384,0.000269,0.000114,0.000666,0.000511,0.000012,0.000616
A33_sigma_corr,0.004130,0.008214,0.002768,0.014833,0.008923,-0.009941,0.004066
A34_sigma_rmse,0.098614,0.001092,0.099884,0.097776,0.097627,0.100014,0.097771
grid_tvd,8.517857,1.334995,7.595539,8.836269,11.004353,7.530403,7.622719
B_log_ret_hist_funct,2.977409,2.342510,0.317980,5.889325,3.621119,0.176759,4.881863
B_log_ret_hist_der,0.119390,0.023830,0.088210,0.159458,0.122510,0.103905,0.122866
B_log_ret_hist_sec_der,0.231342,0.045551,0.244199,0.223424,0.196573,0.311421,0.181094
B_log_ret_hist_funct_pct,14.707890,8.894424,4.336530,23.850472,19.149885,3.627416,22.575147
B_log_ret_hist_der_pct,43.168674,2.181586,40.523470,43.246784,46.461534,41.119511,44.492070
B_log_ret_hist_sec_der_pct,619538.449848,351821.216446,1052824.365607,840402.426298,735205.824649,43992.717472,425266.915215
B_log_ret_hist_funct_nrmse,4.117834,2.311227,1.543181,6.641247,5.207608,1.150555,6.046579
B_log_ret_hist_der_nrmse,18.679144,1.852960,16.134589,21.693179,19.014539,17.511289,19.042126
B_log_ret_hist_sec_der_nrmse,39.588535,3.815439,40.862215,39.085399,36.661632,46.144889,35.188543
B_log_ret_hist_funct_cvar90,9.784773,5.382798,3.887584,15.913085,12.264625,2.829502,14.029068
B_log_ret_hist_funct_cvar95,10.895045,5.662542,4.921644,17.440306,13.544299,3.385607,15.183370
B_qq_plot_funct,0.000002,0.000001,0.000000,0.000003,0.000002,0.000000,0.000003
B_qq_plot_der,0.000000,0.000000,0.000000,0.000000,0.000000,0.000000,0.000000
B_qq_plot_sec_der,0.000000,0.000000,0.000000,0.000000,0.000000,0.000000,0.000000
B_qq_plot_funct_pct,13.236354,8.559989,3.147592,20.801667,19.262161,2.404801,20.565550
B_qq_plot_der_pct,8.754621,5.147414,2.762994,14.151381,11.264241,2.350987,13.243499
B_qq_plot_sec_der_pct,80.529595,10.617034,77.722750,71.559721,68.468873,97.228337,87.668296
B_qq_plot_funct_nrmse,2.945645,1.794713,0.903444,4.793645,3.859760,0.658962,4.512414
B_qq_plot_der_nrmse,1.424480,0.738158,0.613042,2.126479,1.802698,0.455230,2.124950
B_qq_plot_sec_der_nrmse,1.290032,0.383934,0.917630,1.565757,1.500724,0.747520,1.718528
B_qq_plot_funct_cvar90,3.125386,1.876830,1.036174,5.050411,4.058705,0.694474,4.787166
B_qq_plot_funct_cvar95,3.537618,2.145030,1.178097,5.720923,4.613765,0.730900,5.444408
B_acf_abs_r_funct,0.000057,0.000038,0.000041,0.000090,0.000113,0.000014,0.000026
B_acf_abs_r_der,0.000006,0.000001,0.000005,0.000007,0.000008,0.000005,0.000005
B_acf_abs_r_sec_der,0.000015,0.000005,0.000008,0.000014,0.000024,0.000012,0.000016
B_acf_abs_r_funct_pct,22.442294,9.215654,15.845083,28.243677,37.836234,13.740310,16.546169
B_acf_abs_r_der_pct,180.812395,19.957533,180.167743,199.243343,200.771532,145.497746,178.381608
B_acf_abs_r_sec_der_pct,186.378949,29.318095,128.909600,202.098858,191.462589,199.717948,209.705750
B_acf_abs_r_funct_nrmse,18.693872,6.872553,16.908367,25.105276,28.056059,9.913498,13.486158
B_acf_abs_r_der_nrmse,53.543582,5.013931,50.087065,57.634328,61.344256,49.869942,48.782317
B_acf_abs_r_sec_der_nrmse,69.765946,12.208731,52.504943,68.464973,89.848692,64.469170,73.541953
B_acf_abs_r_funct_cvar90,38.842832,13.694866,42.434279,54.223022,51.312733,18.733763,27.510361
B_acf_abs_r_funct_cvar95,43.004568,15.529539,48.367862,59.321982,57.641394,20.539309,29.152293
B_acf_sq_r_funct,0.000045,0.000026,0.000029,0.000067,0.000084,0.000012,0.000035
B_acf_sq_r_der,0.000006,0.000002,0.000005,0.000007,0.000011,0.000005,0.000005
B_acf_sq_r_sec_der,0.000017,0.000009,0.000011,0.000014,0.000034,0.000011,0.000013
B_acf_sq_r_funct_pct,25.042281,8.864415,16.753090,30.059228,39.245596,15.244858,23.908634
B_acf_sq_r_der_pct,501.840785,134.725153,569.930573,673.172701,569.287094,297.758499,399.055057
B_acf_sq_r_sec_der_pct,399.540234,91.994587,325.821078,467.111410,502.031886,258.715681,444.021114
B_acf_sq_r_funct_nrmse,18.680250,5.843019,15.650270,23.702974,26.567229,10.184622,17.296157
B_acf_sq_r_der_nrmse,44.499808,7.255293,40.625960,46.827114,57.688371,37.948462,39.409131
B_acf_sq_r_sec_der_nrmse,54.942927,13.086225,46.067096,51.862010,80.708802,45.946990,50.129735
B_acf_sq_r_funct_cvar90,40.429333,12.443841,39.168915,53.916763,52.535037,19.656065,36.869884
B_acf_sq_r_funct_cvar95,45.282132,13.985957,45.867967,60.890309,59.149471,23.545822,36.957089
B_roll_vol_hist_funct,92.067808,75.090694,11.515955,191.385908,101.650610,2.571601,153.214965
B_roll_vol_hist_der,1.503879,0.634983,0.791612,2.404332,1.329385,0.919395,2.074671
B_roll_vol_hist_sec_der,2.827075,0.653066,2.249921,3.922061,2.073667,2.894842,2.994885
B_roll_vol_hist_funct_pct,26.464642,15.611227,11.445621,43.824873,33.433873,4.493374,39.125470
B_roll_vol_hist_der_pct,137.835301,24.670271,116.800087,173.301762,105.898544,137.379819,155.796296
B_roll_vol_hist_sec_der_pct,267.084401,17.295393,254.503536,284.630332,265.887496,287.794382,242.606260
B_roll_vol_hist_funct_nrmse,9.345582,5.528709,3.840299,15.655610,11.409589,1.814750,14.007660
B_roll_vol_hist_der_nrmse,22.461668,4.867819,16.674700,29.060235,21.608629,17.970198,26.994578
B_roll_vol_hist_sec_der_nrmse,32.592442,3.730736,29.265677,38.639554,28.095994,33.196123,33.764862
B_roll_vol_hist_funct_cvar90,19.025515,11.057547,8.450387,31.409314,22.887628,3.637033,28.743214
B_roll_vol_hist_funct_cvar95,19.778057,11.266709,9.063119,32.386813,23.687503,4.054953,29.697899
B_tail_surv_funct,0.001287,0.001041,0.000088,0.002561,0.001574,0.000055,0.002158
B_tail_surv_der,0.000001,0.000001,0.000000,0.000003,0.000002,0.000000,0.000002
B_tail_surv_sec_der,0.000000,0.000000,0.000000,0.000000,0.000000,0.000000,0.000000
B_tail_surv_funct_pct,10.226370,6.294013,2.917113,16.786151,13.412417,2.356104,15.660068
B_tail_surv_der_pct,8.369744,4.926874,2.582993,13.645199,10.644566,2.324471,12.651492
B_tail_surv_sec_der_pct,13519.475407,1202.993694,12393.633002,14752.591662,13523.039763,11973.801786,14954.310822
B_tail_surv_funct_nrmse,3.102349,1.873722,0.949440,5.111934,4.007348,0.750263,4.692758
B_tail_surv_der_nrmse,106254.592859,62715.778139,32308.346321,172584.104920,136236.786452,29308.447267,160835.279337
B_tail_surv_sec_der_nrmse,20738.809722,1948.424541,18815.228799,21861.692462,21407.405390,18200.536112,23409.185849
B_tail_surv_funct_cvar90,4.262990,2.580507,1.311152,7.012039,5.487980,1.013146,6.490631
B_tail_surv_funct_cvar95,4.276196,2.584567,1.319152,7.030797,5.499854,1.022486,6.508689
