stage,epoch,loss,recons_loss.time,recons_loss.LF.time,recons_loss.HF.time,recons_loss.LF.timefreq,recons_loss.HF.timefreq,commit_loss.LF,commit_loss.HF,perplexity.LF,perplexity.HF,perceptual
stage1,0,2.1637600949034095,0.2645936008775607,0.1907039270736277,0.07388967659790069,1.3250364202540368,0.10314134234795347,0.1542168838204816,0.3167718308977783,8.698908001184464,20.634768575429916,0.0
stage1,1,0.47271187463775277,0.08005710388533771,0.0263271661096951,0.053729937761090696,0.19934010517317802,0.026537285768426955,0.05590942892013118,0.11086794862058014,12.27636070549488,24.12680158019066,0.0
stage1,2,0.38477618899196386,0.0677029300131835,0.022176884289365262,0.04552604537457228,0.16859031980857253,0.021015021862694994,0.042763716890476644,0.08470420050434768,12.28223791718483,25.752766460180283,0.0
stage1,3,0.3371944408863783,0.057190931227523834,0.018779532896587625,0.03841139865107834,0.14545784424990416,0.017132606633822434,0.038578966923523694,0.07883408945053816,12.298698887228966,26.349859327077866,0.0
stage1,4,0.3216181534808129,0.050890891696326435,0.019439065814367495,0.03145182566368021,0.14851000148337334,0.014155586904962547,0.04111431667115539,0.06694735697237775,12.0948047041893,26.59863319993019,0.0
stage1,5,0.2598349917680025,0.04117831529583782,0.015123049779504072,0.026055265276227146,0.11690828145947307,0.011581733546336181,0.04097502469085157,0.04919163841987029,12.688820645213127,26.383480459451675,0.0
stage1,6,0.20802003447897732,0.03392386232735589,0.011554498050827533,0.022369364160113037,0.09068438754184172,0.009399213842698373,0.037498891178984195,0.03651367884594947,12.808859795331955,26.437252908945084,0.0
stage1,7,0.17750943452119827,0.029795155074680224,0.01001813273614971,0.019777022331254557,0.07815283263335004,0.007723323520622216,0.032241662847809494,0.029596462671179324,12.734765127301216,26.898676961660385,0.0
stage1,8,0.16543858032673597,0.028025943436659873,0.009939270930772182,0.018086672411300242,0.07622698281193152,0.006434723720303737,0.029744235274847597,0.025006695854244754,12.804739132523537,27.016642212867737,0.0
stage1,9,0.15573308838065714,0.026456069987034425,0.009672409352788236,0.016783660772489384,0.07323600712697953,0.005476762016769499,0.028630604705540463,0.021933646290563047,13.110732316970825,27.266282081604004,0.0
stage1,10,0.1366950182709843,0.02352435575448908,0.008073311419138918,0.015451044499059208,0.06243034463841468,0.004736790848255623,0.02691825566580519,0.01908527090563439,13.620469003915787,27.28594744205475,0.0
stage1,11,0.13270207424648106,0.023141782876336947,0.00820454733184306,0.01493723553721793,0.06273131282068789,0.004302829023799859,0.02534426940837875,0.017181879680720158,13.85879310965538,27.17919448018074,0.0
stage1,12,0.14599792670924217,0.02456879263627343,0.010386779344116803,0.014182013386744075,0.07699773251079023,0.0038341216022672597,0.02501751884119585,0.015579761500703171,14.042105957865715,26.783704102039337,0.0
stage1,13,0.1240553802344948,0.02156664477661252,0.007926879472506698,0.013639765398693271,0.0606683503719978,0.003555599512765184,0.024160517699783668,0.014104268018854782,14.487850695848465,26.389640629291534,0.0
stage1,14,0.11092360957991332,0.020112772152060643,0.006705873231112491,0.013406898870016448,0.05222135368967429,0.003349851271195803,0.02244551293551922,0.012794119800673798,14.730065435171127,26.193671852350235,0.0
stage1,15,0.11501943413168192,0.020377281471155584,0.0077024712554703,0.01267481010290794,0.058750411990331486,0.0030219019899959676,0.02140854630852118,0.011461292742751539,14.821911334991455,26.097128570079803,0.0
stage1,16,0.12302992155309767,0.021036547812400386,0.00881515424407553,0.012221393641084433,0.06683574116323143,0.002778453734208597,0.022299391421256587,0.010079787025460973,14.80072270333767,26.016950458288193,0.0
stage1,17,0.10526725102681667,0.019065296481130645,0.006985495496337535,0.012079801090294495,0.05403658337309025,0.0026434669562149793,0.020571534667396918,0.008950369039666839,15.18404021859169,26.09598022699356,0.0
stage1,18,0.1054907253710553,0.018926889664726332,0.007366159927187255,0.011560729763004929,0.05621794337639585,0.0025123315826931503,0.020006917300634086,0.00782664318830939,15.323806002736092,26.47559455037117,0.0
stage1,19,0.09713833988644183,0.017449187143938616,0.006493187796877464,0.010955999372527003,0.05040208523860201,0.0022872155204822775,0.019608408241765574,0.007391444858512841,15.304563418030739,26.49773582816124,0.0
stage1,20,0.08568769792327657,0.016148871553014033,0.005355734650947852,0.010793136854772456,0.04256967589026317,0.002155239002604503,0.017710656044073403,0.007103256233676802,15.72226682305336,26.40709975361824,0.0
stage1,21,0.09317193611059338,0.017504906485555694,0.006457104049331974,0.0110478023707401,0.04973167474963702,0.0021147084753465606,0.01698406027571764,0.006836585693235975,15.981632977724075,26.27550134062767,0.0
stage1,22,0.087327616289258,0.016479869023896754,0.005849548844707897,0.010630320190102793,0.04560517086065374,0.0020415525541466195,0.01659014444157947,0.006610878903302364,16.09688428044319,26.156485736370087,0.0
stage1,23,0.08549519261578098,0.016187077417271212,0.005845897747349227,0.010341179644456133,0.045312104921322316,0.0019268171054136474,0.015628258202923462,0.006440934339480009,16.132569134235382,26.026533275842667,0.0
stage1,24,0.09284248761832714,0.017174812353914604,0.006896398419485195,0.0102784139016876,0.052302132244221866,0.0018604400975164026,0.015222091096802615,0.0062830133974784985,16.290256172418594,25.884010940790176,0.0
stage1,25,0.08299702196381986,0.016063820410636254,0.005723064205085393,0.010340756140067242,0.04432447243016213,0.0018316207224415848,0.014634764273068868,0.006142344689578749,16.407861158251762,25.76980522274971,0.0
stage1,26,0.07808828231645748,0.015501929621677846,0.005202317399380263,0.01029961220046971,0.040941253944765776,0.0017974505281017628,0.013845529829268344,0.00600211882556323,16.705262884497643,25.628378599882126,0.0
stage1,27,0.07604236277984455,0.015404968347866088,0.00519148753664922,0.010213480811216868,0.040141701902030036,0.0017533558784634806,0.012847847945522517,0.005894488480407745,16.94854086637497,25.495564937591553,0.0
stage1,28,0.07805305905640125,0.015567538066534325,0.005692460035788827,0.009875078045297414,0.043087799509521574,0.0016081337143987184,0.011991583363851532,0.005798003701784182,17.159972459077835,25.373086988925934,0.0
stage1,29,0.07571317261317745,0.015377346266177483,0.005508545889824745,0.009868800450931303,0.04155581403756514,0.0015554410001641372,0.011518234634422697,0.005706336203729734,17.25105157494545,25.25520122051239,0.0
stage1,30,0.07412959908833727,0.015231870900606737,0.005406260497693438,0.009825610351981595,0.04039894830202684,0.0015540075073658954,0.011305909909424372,0.005638862545310985,17.377984702587128,25.149837732315063,0.0
stage1,31,0.06732134858611971,0.014485136183793657,0.004570272283672239,0.009914864029269665,0.03466046863468364,0.0015280457173503237,0.011107180442195386,0.005540518075576983,17.647179514169693,25.070846259593964,0.0
stage1,32,0.0707061363500543,0.014972872319049202,0.00511773784091929,0.0098551345145097,0.03811093152035028,0.001493073177698534,0.010686912661185488,0.005442346133349929,17.828671485185623,24.928135961294174,0.0
stage1,33,0.06471972592407838,0.013976540474686772,0.004488194932491751,0.009488345560384914,0.03351645379734691,0.001431987988326,0.010440996658871882,0.005353746746550314,17.844161450862885,24.828980922698975,0.0
stage1,34,0.06182307406561449,0.013665260295965709,0.004158659141467069,0.009506601069006138,0.0312548111542128,0.0013948420364613412,0.010237652706564404,0.005270507477689534,17.959226936101913,24.73471772670746,0.0
stage1,35,0.07234820595476776,0.015087563107954338,0.005570063851337181,0.009517499289358966,0.04070500665693544,0.001368548635582556,0.010033097918494605,0.00515398992865812,18.061182916164398,24.547971338033676,0.0
stage1,36,0.05902889039134607,0.013310917187482119,0.0038702246056345757,0.009440692607313395,0.029400515282759443,0.0013234270918474067,0.009908337466185912,0.0050856934758485295,18.17158156633377,24.412466526031494,0.0
stage1,37,0.0607331307255663,0.013503194088116288,0.0042054706063936464,0.00929772351810243,0.03126011515269056,0.0012813658395316452,0.009702214243588969,0.004986241641745437,18.390500634908676,24.17739051580429,0.0
stage1,38,0.06835192954167724,0.014561441406840459,0.005234780874161515,0.009326660496299155,0.038178989372681826,0.0012715334378299303,0.009454589497181587,0.004885375761659816,18.509670108556747,23.88861435651779,0.0
stage1,39,0.07619236467871815,0.015666305960621685,0.0062250275623227935,0.009441278307349421,0.04487645244807936,0.0013002134946873412,0.009526842273771763,0.004822550967219286,18.69820374250412,23.65688869357109,0.0
stage1,40,0.05906928639160469,0.01346297177951783,0.004084705446075532,0.009378266375279054,0.030396369722438976,0.0013101759323035367,0.009179038344882429,0.004720730234112125,18.84743583202362,23.425438940525055,0.0
stage1,41,0.06522614083951339,0.014158769059577025,0.005038701956436853,0.009120067043113522,0.036360098398290575,0.0012101663760404335,0.008835586064378731,0.004661521612433717,18.80220925807953,23.25852331519127,0.0
stage1,42,0.0638508188421838,0.014102783621638082,0.00481211619626265,0.00929066733806394,0.03506231842038687,0.0012994626868021442,0.008798773604212329,0.0045874804418417625,18.7246612906456,23.07452318072319,0.0
stage1,43,0.05662912083789706,0.013034878807957284,0.003942775651012198,0.009092103093280457,0.029188914006226696,0.0012122364623792237,0.008631993092421908,0.004561098416161258,18.78803861141205,22.94489336013794,0.0
stage1,44,0.06758480973076075,0.014419527375139296,0.005318022442224901,0.009101504998398013,0.038823531576781534,0.0011748989909392549,0.00864862157322932,0.004518230591202155,18.897511690855026,22.86149623990059,0.0
stage1,45,0.0675607870798558,0.014621468653785996,0.005480512081703637,0.00914095647749491,0.03884539089631289,0.0011866548447869718,0.008428745975834318,0.004478526956518181,18.804580509662628,22.813640236854553,0.0
stage1,46,0.06030516338068992,0.013552932621678337,0.004505075636188849,0.009047856947290711,0.03283555802772753,0.0011766243042075075,0.008286483214760665,0.004453565350559074,18.879728376865387,22.78078457713127,0.0
stage1,47,0.06296823674347252,0.013839129547704943,0.004884896023213514,0.008954233562690206,0.0353164556727279,0.0011303356750431703,0.008261862210929394,0.004420454031787813,18.91187810897827,22.737230896949768,0.0
stage1,48,0.05483499978436157,0.012833779139327817,0.003908734626747901,0.008925044516217895,0.028552687654155307,0.001135149119363632,0.007900610013166443,0.004412774163938593,18.89256802201271,22.721218168735504,0.0
stage1,49,0.053445370809640735,0.012571694256621413,0.00373246283379558,0.008839231377351098,0.02754266661941074,0.0010741931591837783,0.007871213536418509,0.004385602645925246,18.884505301713943,22.71473217010498,0.0
stage1,50,0.0531884225201793,0.012752907772664912,0.003729459438545746,0.009023448306834325,0.02726208107196726,0.0011291891587461578,0.007675889632082544,0.004368354886537418,18.913072615861893,22.70158687233925,0.0
stage1,51,0.05988479685038328,0.013706101235584356,0.004660998678446049,0.009045102633535862,0.03316946959239431,0.0011233575714868493,0.00753319138311781,0.004352677147835493,18.931054145097733,22.680228799581528,0.0
stage1,52,0.05188213038491085,0.012584457610500976,0.0035571397456806153,0.009027317850268446,0.026249572780216113,0.0011125657074444462,0.00762530824431451,0.004310226460802369,18.81480297446251,22.660346508026123,0.0
stage1,53,0.052956055907998234,0.012613481609150767,0.003731146422069287,0.008882335212547332,0.027446582054835744,0.0010851103779714322,0.007514843178796582,0.004296039573091548,18.901961535215378,22.690156430006027,0.0
stage1,54,0.054999131185468286,0.012716876997728832,0.004069361652000225,0.008647515423945151,0.02949595196696464,0.0010172135571338004,0.007478950108634308,0.004290138276701327,18.89201110601425,22.711883544921875,0.0
stage1,55,0.052721057552844286,0.012651605138671584,0.003784313785217819,0.008867291457136162,0.027490590160596184,0.0010684658846003003,0.0072443427197868004,0.004266053765604738,18.952228277921677,22.749203085899353,0.0
stage1,56,0.05696699605323374,0.013116708694724366,0.004464178877242375,0.00865252988296561,0.03169151663314551,0.0010229781828456908,0.006877355684991926,0.00425843769335188,19.05584406852722,22.78986570239067,0.0
stage1,57,0.06249310361454263,0.013839894862030633,0.005119330466186511,0.00872056430671364,0.03636511755757965,0.001043198680235946,0.0069940078392392024,0.004250885205692612,19.11578220129013,22.804958999156952,0.0
stage1,58,0.04587527518742718,0.01167758132214658,0.002971179865198792,0.008706401466042735,0.022109774668933824,0.0010067206158055342,0.006866488940431736,0.004214710032101721,19.219697445631027,22.838072299957275,0.0
stage1,59,0.05177900771377608,0.012373038480291143,0.0038135126105771633,0.008559525784221478,0.0275213412969606,0.0009945254587364616,0.006705225874611642,0.004184876604995225,19.148220628499985,22.900787204504013,0.0
stage1,60,0.05383634800091386,0.01265236891049426,0.004147864787228173,0.00850450414873194,0.029481637102435343,0.0009984994367187028,0.006537890702020377,0.004165952610492241,19.238437980413437,22.9409057199955,0.0
stage1,61,0.0541017436189577,0.012681462278123945,0.004146285113165504,0.008535177141311578,0.029721970873652026,0.0009740382365635014,0.006599589956749696,0.004124682367546484,19.215434581041336,22.971716552972794,0.0
stage1,62,0.05022134064347483,0.012145385102485307,0.003693050397487241,0.008452334674075246,0.026587171509163454,0.0009598365577403456,0.0064316673669964075,0.004097280183486873,19.280395567417145,23.030189484357834,0.0
stage1,63,0.045771193254040554,0.011917199852177873,0.0030277682544692652,0.008889431555871852,0.022228067769901827,0.0010670860210666433,0.006489597784820944,0.004069242037076037,19.346664875745773,23.092345893383026,0.0
stage1,64,0.04916787444381043,0.0121031591843348,0.003512763333674229,0.00859039583883714,0.025553653118549846,0.0010013282226282172,0.00648509513848694,0.00402463893260574,19.475714951753616,23.091674119234085,0.0
stage1,65,0.05275501968571916,0.012665800895774737,0.004045398115522403,0.008620402761152945,0.028871845599496737,0.0010074812971652136,0.006199304632900748,0.004010587013908662,19.501951962709427,23.10741275548935,0.0
stage1,66,0.04221671095001511,0.011180519475601614,0.0026594085356919095,0.00852111095446162,0.01987172817462124,0.0009690539345683646,0.006211688203620724,0.0039837214280851185,19.671046525239944,23.124659031629562,0.0
stage1,67,0.04827272618422285,0.011882400256581604,0.003496196044579847,0.008386204179259948,0.025205898287822492,0.0009548287698635249,0.006259312322072219,0.003970286514231702,19.81802898645401,23.13599330186844,0.0
stage1,68,0.05283043396775611,0.012529129104223102,0.0040965365569718415,0.008432592629105784,0.029190019704401493,0.0009456747147851274,0.006215464818524197,0.0039501456667494494,19.755996584892273,23.12866646051407,0.0
stage1,69,0.04825486658955924,0.011785185153712519,0.003508971799419669,0.008276213353383355,0.02540670314920135,0.0009267864661524072,0.006183467739901971,0.003952723942347802,19.80863270163536,23.17634552717209,0.0
stage1,70,0.051268344512209296,0.012446883600205183,0.003887450938236725,0.008559432681067847,0.027896361585590057,0.0009621149320082623,0.006025471186148934,0.003937513050914276,19.746467411518097,23.156054615974426,0.0
stage1,71,0.05933109309989959,0.01337060697551351,0.00496368076892395,0.008406926077441312,0.03505479269369971,0.0009239595538019785,0.006068362497899216,0.003913371281669242,19.72652393579483,23.198397517204285,0.0
stage1,72,0.049458317924290895,0.012004317410173826,0.003727329250978073,0.008276988111902028,0.02656514548289124,0.0009020945253723767,0.006070394927519374,0.003916365916666109,19.740884482860565,23.233149588108063,0.0
stage1,73,0.054696711944416165,0.01289576303679496,0.004394378382130526,0.00850138469832018,0.030911840018234216,0.0009436565796931973,0.006024550864822231,0.003920901803212473,19.618804156780243,23.25536358356476,0.0
stage1,74,0.05565904951072298,0.012779421304003336,0.0045425120515574235,0.008236909292463679,0.03203088200825732,0.0009109578531933948,0.006044585243216716,0.0038932037859922275,19.67431551218033,23.253255367279053,0.0
stage1,75,0.04867227844079025,0.011827027003164403,0.003643785534222843,0.008183241428923793,0.02606964072037954,0.0008941832147684181,0.005987812022794969,0.003893616401910549,19.68675798177719,23.279548227787018,0.0
stage1,76,0.05627121959696524,0.012871145154349506,0.004631938634702237,0.00823920648690546,0.032684242600225843,0.0009169129325528047,0.005905031139263883,0.00389388824623893,19.58629560470581,23.273382872343063,0.0
stage1,77,0.051283508364576846,0.012381790016661398,0.003969003200836596,0.008412786737608258,0.028145315911388025,0.0009207614693877986,0.005941899595200084,0.0038937413155508693,19.70155167579651,23.26240435242653,0.0
stage1,78,0.04195542132947594,0.011111150539363734,0.0027565529480853,0.008354597608558834,0.020239480159943923,0.0009080834388441872,0.0058236668119207025,0.003873040601320099,19.78570517897606,23.2857426404953,0.0
stage1,79,0.04690817077062093,0.011811201111413538,0.003402920494409045,0.008408280664298218,0.02447051549097523,0.0009126932818617206,0.005848169996170327,0.003865590875648195,19.71198743581772,23.30303665995598,0.0
stage1,80,0.047665047517511994,0.011710845894413069,0.003570536537154112,0.008140309357258957,0.025531621111440472,0.0008617714229330886,0.005699650966562331,0.0038611579439020716,19.76565346121788,23.337505996227264,0.0
stage1,81,0.043609949469100684,0.0111603924742667,0.0030243528126447927,0.00813603959250031,0.022037625567463692,0.0008782056565905805,0.005685212367097847,0.0038485139521071687,19.838689148426056,23.33907052874565,0.0
stage1,82,0.044144619547296315,0.0115216079284437,0.003044888801923662,0.008476719143800437,0.022151688463054597,0.0009103880320253666,0.005717260362871457,0.0038436747308878694,19.91416761279106,23.3591947555542,0.0
stage1,83,0.04848438291810453,0.01182375602365937,0.0036960730776627315,0.008127682878694031,0.02630962875264231,0.0008595631152275018,0.005657619520206936,0.003833815411780961,19.829275220632553,23.395272135734558,0.0
stage1,84,0.04466187974321656,0.011374502748367377,0.0031631723632017383,0.008211330372432712,0.022915029534487985,0.0008819754903015564,0.005656850938976277,0.0038335216013365425,19.90143510699272,23.402433395385742,0.0
stage1,85,0.03998582440544851,0.01064481885987334,0.002581184628979827,0.00806363419542322,0.019067680768785067,0.0008404734962823568,0.005602584998996463,0.0038302667999232654,19.942085295915604,23.395088344812393,0.0
stage1,86,0.04646636708639562,0.011520319036208093,0.0034543880001365324,0.008065931018791161,0.024750128635787405,0.000836062072266941,0.005516097131476272,0.003843760390736861,19.917836666107178,23.4448923766613,0.0
stage1,87,0.05177784024272114,0.012243733697687276,0.004130848386012076,0.00811288523254916,0.029265228105941787,0.0008437921369477408,0.0055964915445656516,0.0038285948139673565,19.889877200126648,23.464461028575897,0.0
stage1,88,0.05027904355665669,0.01214212535705883,0.003933844311177381,0.008208281069528311,0.02779173276212532,0.0008588325736127445,0.005678102403180674,0.003808251000009477,19.851711332798004,23.415003687143326,0.0
stage1,89,0.04416636415407993,0.011347273859428242,0.0031490543669860926,0.008198219489713665,0.022662278250209056,0.0008575135307182791,0.005481489090016112,0.003817809501924785,19.82084807753563,23.42062959074974,0.0
stage1,90,0.042731550172902644,0.01105170522350818,0.0029536196179833496,0.00809808566555148,0.021544296119827777,0.0008349981617357116,0.0054703382920706645,0.0038302126740745734,19.86897847056389,23.450086146593094,0.0
stage1,91,0.04910701484186575,0.011878915465786122,0.0038329750841512578,0.008045940419833641,0.027111978488392197,0.0008355717827726039,0.005462702582008205,0.003817845936282538,19.81887087225914,23.44113004207611,0.0
stage1,92,0.04895125253824517,0.011953992667258717,0.003822436106929672,0.008131556533044204,0.02697115036426112,0.000825468271614227,0.00540334122342756,0.0037973002654325683,19.834320157766342,23.422342240810394,0.0
stage1,93,0.04316968726925552,0.011097358597908169,0.0030631095887656556,0.008034248952753842,0.022106133910710923,0.0008090310520856292,0.005354333283321466,0.003802830644417554,19.761213332414627,23.460449129343033,0.0
stage1,94,0.03937828878406435,0.010644595167832449,0.002554983464506222,0.00808961166330846,0.018755029363092035,0.0008278722871182254,0.005352068103093188,0.003798723926593084,19.804351568222046,23.463328182697296,0.0
stage1,95,0.04571556390146725,0.011416742199799046,0.0034090028748323675,0.008007739284948912,0.024322844503330998,0.0008171074778147158,0.005355601038900204,0.0038032691554690246,19.890383452177048,23.49154481291771,0.0
stage1,96,0.036416473041754216,0.010184653976466507,0.00214429848256259,0.008040355496632401,0.016195890188100748,0.0008302057885885006,0.005400519803515635,0.0038052034251450095,19.9347323179245,23.4927758872509,0.0
stage1,97,0.04605440652812831,0.011534064702573232,0.0034094418169843266,0.008124622952891514,0.024525846049073152,0.0008260246549980366,0.005361842086131219,0.0038066286797402427,20.02044788002968,23.507607579231262,0.0
stage1,98,0.052341802685987204,0.012369667500024661,0.004242355274982401,0.008127312248689122,0.029967265247250907,0.000822504563984694,0.005383376505051274,0.0037989889751770534,19.864615261554718,23.49163657426834,0.0
stage1,99,0.04280924252816476,0.010975319091812707,0.0030172469405442826,0.007958072157634888,0.021843640090082772,0.0007948342290546861,0.0054079363762866706,0.003787512268900173,19.914226800203323,23.510060757398605,0.0
stage1,100,0.03871632867958397,0.010482554949703626,0.0024831584296407527,0.007999396490049548,0.01836770446971059,0.0008022266056286753,0.005262889499135781,0.0038009527161193546,19.883124232292175,23.52827587723732,0.0
stage1,101,0.0420023261976894,0.010949104689643718,0.002918199337727856,0.008030905300984159,0.02118836424779147,0.0008170281598722795,0.0052573211141861975,0.0037905079479969572,19.883517056703568,23.52358403801918,0.0
stage1,102,0.04105635773157701,0.010853414132725447,0.00280675928479468,0.008046654860663693,0.02043601416517049,0.0008070015310295275,0.005183788052818272,0.003776139914407395,19.931310176849365,23.54156169295311,0.0
stage1,103,0.04333731014048681,0.011098081595264375,0.003116744315775577,0.007981337206729222,0.022391657534171827,0.0007930759256851161,0.005263134524284396,0.0037913603482593317,19.986597031354904,23.545715421438217,0.0
stage1,104,0.04796350924880244,0.011676795460516587,0.0037162567696213955,0.007960538699990138,0.02647962947958149,0.0007904939584477688,0.005233394149399828,0.0037831965419172775,19.923563987016678,23.56893089413643,0.0
stage1,105,0.04354672596673481,0.011123465781565756,0.003158803132464527,0.007964662603626493,0.022689549907227047,0.0007888549962444813,0.0051645495404955,0.0037803057057317346,19.98607948422432,23.580580472946167,0.0
stage1,106,0.053946498403092846,0.012718968617264181,0.004487248650548281,0.008231719963077921,0.03141981738735922,0.0008304032671730965,0.005200276296818629,0.0037770327617181465,20.07193499803543,23.564410895109177,0.0
stage1,107,0.04385586632997729,0.011159665198647417,0.003185137347827549,0.007974527849000879,0.022975988336838782,0.0007886047924330342,0.005163826710486319,0.0037677817381336354,20.020066797733307,23.561143279075623,0.0
stage1,108,0.0468796334171202,0.011416809124057181,0.0036104457431065384,0.007806363406416494,0.02573248000408057,0.0007636111977262772,0.005200397077715024,0.003766336594708264,20.131556779146194,23.55159568786621,0.0
stage1,109,0.04542766296071932,0.011399880924727768,0.003408068594580982,0.007991812337422743,0.024279691569972783,0.000784583879976708,0.005187226299312897,0.0037762804968224373,20.103552222251892,23.585050374269485,0.0
stage1,110,0.038398353673983365,0.010399741295259446,0.0024968878697109176,0.007902853401901666,0.01833337479911279,0.0007730729876129772,0.0051260316104162484,0.0037661329661204945,20.20356059074402,23.58877542614937,0.0
stage1,111,0.03794607080635615,0.010412859672214836,0.00240414346808393,0.00800871622050181,0.017855857964605093,0.0007892449639257393,0.0051257194427307695,0.003762388940231176,20.245118349790573,23.581967562437057,0.0
stage1,112,0.03998737575602718,0.010668925504432991,0.002701330612580932,0.007967594829096925,0.019651261005492415,0.0007852953203837387,0.0051056399461231194,0.0037762537140224595,20.324497520923615,23.6064173579216,0.0
stage1,113,0.03617420920636505,0.01019983047444839,0.0021976536672809743,0.00800217677897308,0.016402987435867544,0.0007884161632318865,0.005020241223974153,0.003762734057090711,20.295364499092102,23.613579839468002,0.0
stage1,114,0.03955518754082732,0.010587109281914309,0.0026685566117521375,0.007918552677438129,0.019391177309444174,0.0007734968639852013,0.005043841556471307,0.003759562525374349,20.33559164404869,23.60878762602806,0.0
stage1,115,0.03928431382519193,0.010445930456626229,0.0026326130309826112,0.007813317439286038,0.01927647617412731,0.0007500714273191988,0.005056040383351501,0.0037557950818154495,20.36721095442772,23.662017941474915,0.0
stage1,116,0.03351954015670344,0.009723112132633105,0.0018892673042500974,0.007833844792912714,0.014377461695403326,0.000744455038329761,0.004899766739981715,0.003774744527618168,20.36031585931778,23.66506251692772,0.0
stage1,117,0.037672892096452415,0.010272572821122594,0.0024387135927099735,0.00783385922841262,0.017931361173396,0.0007508640164815006,0.00494799197622342,0.0037701020046370104,20.399473309516907,23.643075436353683,0.0
stage1,118,0.04329122748458758,0.011027312546502799,0.003208043781341985,0.007819268757884856,0.022921610754565336,0.0007512127722293371,0.004825586540391669,0.0037655042069673073,20.32160946726799,23.650794118642807,0.0
stage1,119,0.03460744919721037,0.00985688521177508,0.0020267368481654557,0.00783014835906215,0.015279251587344334,0.0007456670800820575,0.004952480747306254,0.003773164702579379,20.33082589507103,23.627634316682816,0.0
stage1,120,0.03713966818759218,0.010198826304986142,0.0023855565959820524,0.007813269650796428,0.01754555496154353,0.0007426906586260884,0.004872105550020933,0.0037804910316481255,20.320453315973282,23.671693563461304,0.0
stage1,121,0.04089084462611936,0.010778895928524435,0.002880700675632397,0.00789819526107749,0.020730177930090576,0.0007753887730359565,0.004838437911530491,0.003767944323044503,20.29911106824875,23.663219034671783,0.0
stage1,122,0.038402614009100944,0.0104540314496262,0.0025465202388659236,0.007907511222583707,0.01863575570314424,0.0007574366227345308,0.00479470345453592,0.003760686991881812,20.268752574920654,23.65319734811783,0.0
stage1,123,0.03616474129376002,0.010170852299779654,0.002252083412713546,0.007918768867966719,0.016700854044756852,0.0007554352314400603,0.004779719543876126,0.003757880345801823,20.263713002204895,23.678099542856216,0.0
stage1,124,0.03540421588695608,0.01014717218640726,0.0021267172896841657,0.00802045489399461,0.015881917635852005,0.0007845785294193774,0.004830143952858634,0.0037604035569529515,20.322373420000076,23.676164269447327,0.0
stage1,125,0.03781389130745083,0.010238601840683259,0.002477648001331545,0.007760953769320622,0.01824615780788008,0.0007340365409618244,0.004841817157284822,0.0037532781170739327,20.317041337490082,23.660419404506683,0.0
stage1,126,0.03729945089435205,0.010231733758701012,0.002415883805952035,0.007815849938197061,0.01780848714406602,0.0007443349795721588,0.004760936433740426,0.0037539582190220244,20.29904043674469,23.623858481645584,0.0
stage1,127,0.03459163862862624,0.009870505338767543,0.0020566617049553315,0.007813843651092611,0.015429023682372645,0.0007403685203826171,0.004800206043000799,0.0037515350195462815,20.274166762828827,23.64233648777008,0.0
stage1,128,0.03193745625321753,0.009523226952296682,0.0017133516284957295,0.007809875343809836,0.013184370902308729,0.000740697577384708,0.004727291510789655,0.003761869240406668,20.263114660978317,23.66747772693634,0.0
stage1,129,0.043296772782923654,0.011049530061427504,0.0032396210817751125,0.007809908958734013,0.02305930525471922,0.0007296633548321552,0.004713368783995975,0.0037449051524163224,20.31623727083206,23.647193789482117,0.0
stage1,130,0.04119721840834245,0.01080463916878216,0.002932636886725959,0.007872002286603674,0.021144381098565646,0.000750060862628743,0.004732360161142424,0.0037657774046238046,20.245090305805206,23.65924122929573,0.0
stage1,131,0.040193487831857055,0.010662719039828517,0.002816393337525369,0.00784632570866961,0.02037129848031327,0.0007466591177944792,0.004661634149670135,0.0037511766458919737,20.23527580499649,23.669725239276886,0.0
stage1,132,0.036290662188548595,0.010035477709607221,0.0023251393058671965,0.007710338453762233,0.017106816325394902,0.0007061154774419265,0.004688193854235578,0.003754058954655193,20.264641106128693,23.686456382274628,0.0
stage1,133,0.04477384831989184,0.011267406429396942,0.0034437322519806912,0.007823674168321304,0.02435006059386069,0.000729714440240059,0.004676062693761196,0.003750604093511356,20.2944178879261,23.690986782312393,0.0
stage1,134,0.03572109746164642,0.009926941769663244,0.0022421305438911077,0.007684811200306285,0.016663811838952824,0.000707685181623674,0.004668208377552219,0.003754450059204828,20.38466250896454,23.71241170167923,0.0
stage1,135,0.037172681564697996,0.010193944995990023,0.002437073117107502,0.007756871855235659,0.017833493067882955,0.0007180981419878663,0.004673120070947334,0.0037540256416832563,20.356958150863647,23.683322697877884,0.0
stage1,136,0.03943906960193999,0.010454859642777592,0.002740747151619871,0.007714112529356498,0.019796469423454255,0.0007071350701153278,0.004720159027783666,0.0037604465906042606,20.295569747686386,23.701350539922714,0.0
stage1,137,0.03624536292045377,0.010007282777223736,0.002333157450266299,0.007674125321500469,0.017183202820888255,0.0007068695267662406,0.004591153672663495,0.0037568543120869435,20.23954850435257,23.68120539188385,0.0
stage1,138,0.03420039176126011,0.0098073929984821,0.002034967853433045,0.007772425080474932,0.015278399965609424,0.0007263182151291403,0.004633104617823847,0.0037551760069618467,20.320728808641434,23.681328028440475,0.0
stage1,139,0.0367494706006255,0.01014656618644949,0.002383653141805553,0.007762913039186969,0.017532198136905208,0.0007131631291485974,0.004600196916726418,0.0037573466179310344,20.28277176618576,23.69089248776436,0.0
stage1,140,0.036438653944060206,0.01000890439900104,0.002381358583988913,0.007627545826835558,0.017457704358093906,0.0006935314058864606,0.0045128525016480125,0.003765661131183151,20.28349342942238,23.706473261117935,0.0
stage1,141,0.0351334715669509,0.00984551408328116,0.002199769808612473,0.007645744270121213,0.016287627549900208,0.0006969105988900992,0.004537308283033781,0.0037661110145563725,20.33385819196701,23.73171380162239,0.0
stage1,142,0.034187003737315536,0.009766948933247477,0.0020509263522399124,0.007716022519161925,0.015367270796559751,0.0007005859733908437,0.004592481280269567,0.00375971671383013,20.33561772108078,23.70502996444702,0.0
stage1,143,0.03429983675596304,0.009712776009109803,0.0020923426609442686,0.007620433323609177,0.015585724824632052,0.0006895878932482447,0.004547820812149439,0.0037639272268279456,20.28636607527733,23.70340460538864,0.0
stage1,144,0.031521272409008816,0.009387167272507213,0.001709707351437828,0.0076774599074269645,0.013126037287293002,0.0007037633295112755,0.004532292630756274,0.003772012176341377,20.339499443769455,23.713563799858093,0.0
stage1,145,0.033704879897413775,0.009744611452333629,0.0019959428791480605,0.00774866856954759,0.014962091241613962,0.0007161279963838751,0.004518421235843562,0.0037636278830177616,20.399980932474136,23.716067045927048,0.0
stage1,146,0.037076407548738644,0.010112176954862662,0.002458945361468068,0.007653231565200258,0.017979580094106495,0.0006942013924344792,0.004526985401753336,0.0037634638720192015,20.37086996436119,23.705265939235687,0.0
stage1,147,0.03284001143765636,0.009543159467284568,0.0018935236976176384,0.007649635757843498,0.014337782049551606,0.0006820067737862701,0.004503494248638162,0.0037735691148554906,20.382077157497406,23.743715077638626,0.0
stage1,148,0.03057853292557411,0.009325347316917032,0.0015773323966641328,0.00774801493389532,0.012255693167389836,0.0007084542075972422,0.004526096068730112,0.003762942025787197,20.336499601602554,23.724551141262054,0.0
stage1,149,0.034050323243718594,0.009662052529165521,0.0020708667652797885,0.007591185763885733,0.015441685463883914,0.0006817871399107389,0.004508788635575911,0.0037560095624940004,20.338871508836746,23.73464685678482,0.0
stage1,150,0.03455676350858994,0.009805010311538354,0.002130976115950034,0.007674034219235182,0.015831646509468555,0.0006934806524441228,0.004460085401660763,0.0037665404961444438,20.345976948738098,23.745686888694763,0.0
stage1,151,0.044454638758907095,0.011064528764109127,0.0034562850387374056,0.00760824374447111,0.024431486381217837,0.0006840988980911789,0.004505491440795595,0.0037690331555495504,20.319226443767548,23.757267832756042,0.0
stage1,152,0.03536244065617211,0.00992828726884909,0.0022140340979603934,0.007714253195445053,0.016437129306723364,0.0007022505615168484,0.004528562269115355,0.0037662111972167622,20.271821230649948,23.74118345975876,0.0
stage1,153,0.03000662592239678,0.009154340921668336,0.001542734518807265,0.007611606386490166,0.012008540601527784,0.0006701671900373185,0.004406061103509273,0.0037675160383514594,20.2754927277565,23.76465716958046,0.0
stage1,154,0.031487889267737046,0.009382548334542662,0.0017209678144354257,0.007661580486455932,0.013183763010601979,0.000693633525770565,0.004466187929210719,0.00376175642668386,20.344003200531006,23.759406447410583,0.0
stage1,155,0.037081410438986495,0.01020502852043137,0.0024697876779100625,0.007735240818874445,0.017971368310099933,0.000696450745635957,0.00443461717441096,0.0037739459912700113,20.37289008498192,23.732841223478317,0.0
stage1,156,0.0285184740787372,0.008958180274930783,0.0013410915225904319,0.007617088776896708,0.010715701660956256,0.0006801575582358055,0.004407245443871943,0.003757188987947302,20.39574533700943,23.71105581521988,0.0
stage1,157,0.03195131872780621,0.009539230159134604,0.0017856649674286018,0.007753565179882571,0.013605156556877773,0.0007028763147900463,0.004345408346125623,0.0037586473154078703,20.392519623041153,23.734736055135727,0.0
stage1,158,0.030663202283903956,0.009212182339979336,0.0016404925445385743,0.007571689748147037,0.0126306204838329,0.0006693988889310276,0.004393963154143421,0.00375703721147147,20.45725718140602,23.745471328496933,0.0
stage1,159,0.03162008212530054,0.009406952900462784,0.0017611020402910071,0.007645850841072388,0.013412166816124227,0.0006823383537266636,0.004361816623713821,0.003756807360332459,20.505665749311447,23.727633386850357,0.0
stage1,160,0.031765003834152594,0.00939992442727089,0.0017922279394042562,0.007607696497871075,0.01359655850683339,0.000677714220728376,0.0043269881352898665,0.00376381870592013,20.46106630563736,23.702666670084,0.0
stage1,161,0.03213730754214339,0.009372513173730113,0.0018578319450170966,0.00751468121598009,0.01402891511679627,0.000663953223011049,0.004309053194447188,0.0037628729623975232,20.457769751548767,23.725091338157654,0.0
stage1,162,0.02913600657484494,0.00895217880315613,0.0014591148210456595,0.00749306395300664,0.011460400644864421,0.0006497912763734348,0.0043108613026561216,0.0037627748752129264,20.4728844165802,23.743607819080353,0.0
stage1,163,0.03538615888101049,0.010042282257927582,0.0022520272568726796,0.007790254989231471,0.0166043436183827,0.0006995746907705325,0.004272909569408512,0.0037670488491130527,20.52670094370842,23.73312485218048,0.0
stage1,164,0.029106387664796785,0.00901704462012276,0.0014314742602437036,0.007585570354422089,0.011293666189885698,0.0006737563662682078,0.004357346930191852,0.0037645738302671816,20.58713126182556,23.750712543725967,0.0
stage1,165,0.029242185642942786,0.009074722940567881,0.0014555817269865656,0.0076191412736079656,0.011437245448178146,0.00066657093611866,0.004295751408790238,0.0037678947373933624,20.581637352705002,23.751658350229263,0.0
stage1,166,0.03299473613151349,0.009514586854493245,0.0019646639721031534,0.007549922898760997,0.014719844570208807,0.0006630982998103718,0.004321783322666306,0.003775422908802284,20.622341245412827,23.74796161055565,0.0
stage1,167,0.03524297650437802,0.009789329953491688,0.0022610656333199586,0.007528264344728086,0.016668120937538333,0.0006535876182169886,0.0043665643424901646,0.0037653733379556797,20.60934156179428,23.767291516065598,0.0
stage1,168,0.02887803118210286,0.008980804443126544,0.0014044253730389755,0.007576379117381293,0.011110275605460629,0.0006657904386884184,0.004350464154413203,0.0037706966104451567,20.647021770477295,23.74602720141411,0.0
stage1,169,0.028716972010442987,0.00908751305541955,0.0013716826661038795,0.007715830441156868,0.010880840396566782,0.0006924002564119291,0.004283669717551675,0.0037725483780377544,20.667993158102036,23.739956259727478,0.0
stage1,170,0.03253436472732574,0.009440244219149463,0.0019005363637916162,0.007539707818068564,0.014317562658106908,0.0006634125002165092,0.004351066669187276,0.0037620788207277656,20.686837881803513,23.748185515403748,0.0
stage1,171,0.030423155491007492,0.009208257237332873,0.0016130800368046039,0.007595177223265637,0.012455756514100358,0.0006817428684371407,0.0043057523216702975,0.0037716467995778657,20.73763233423233,23.74893045425415,0.0
stage1,172,0.028693855536403134,0.008911493379855528,0.0013997006526551559,0.00751179271901492,0.011060452590754721,0.000649227486064774,0.00430396294905222,0.003768719205254456,20.717332899570465,23.73310375213623,0.0
stage1,173,0.02898714694310911,0.008898685373424087,0.0014587415898859035,0.007439943750796374,0.011421257004258223,0.0006412245684259688,0.0042541489528957754,0.003771831215999555,20.693691909313202,23.744132459163666,0.0
stage1,174,0.02921169128967449,0.008952914053224958,0.001485053339820297,0.0074678607561509125,0.011589598223508801,0.0006418035136448452,0.0042437531519681215,0.0037836220908502582,20.797356456518173,23.74276664853096,0.0
stage1,175,0.027841727511258796,0.008777750023000408,0.0012912871070511756,0.0074864628913928755,0.01035403923742706,0.000661858339299215,0.0042659853024815675,0.003782094605412567,20.81425666809082,23.755231887102127,0.0
stage1,176,0.029877393564675003,0.009150810714345425,0.0015638919685443398,0.007586918749439064,0.012073713311110623,0.0006600493616133463,0.004210699724353617,0.0037821205478394404,20.86063539981842,23.769807130098343,0.0
stage1,177,0.031100847554625943,0.009276589029468596,0.0017241278264918947,0.007552461240265984,0.013131642859661952,0.0006609868551095133,0.004261017769749742,0.003770611103391275,20.835423409938812,23.749187797307968,0.0
stage1,178,0.0295429929101374,0.009053759349626489,0.0015232321638904978,0.00753052718937397,0.011830396033474244,0.0006515248478535796,0.004232278995914385,0.0037750336559838615,20.87078556418419,23.781472355127335,0.0
stage1,179,0.029159409110434353,0.008996226650197059,0.00146279966156726,0.007533426993177272,0.011449615405581426,0.0006520976867250283,0.004278547250578413,0.0037829220927960705,20.884146004915237,23.776735246181488,0.0
stage1,180,0.02890721001313068,0.008926270886149723,0.001448231309041148,0.007478039580746554,0.011347445128194522,0.0006454942940763431,0.004203335356578464,0.0037846640443603974,20.841298580169678,23.771245807409286,0.0
stage1,181,0.027856631815666333,0.00876677156338701,0.0013216132674642722,0.0074451582549954765,0.010524969184189104,0.000642119884105341,0.004140675806411309,0.003782095565838972,20.852711379528046,23.78015971183777,0.0
stage1,182,0.02779356704559177,0.008776975650107488,0.001305682438214717,0.007471293225535192,0.010434005591378082,0.0006422825899790041,0.004146878098254092,0.00379342507221736,20.888960152864456,23.781280279159546,0.0
stage1,183,0.02896690819761716,0.00892647519503953,0.0014569588911399478,0.0074695163129945286,0.011393966829928104,0.0006410721971406019,0.004211771629343275,0.0037936222142889164,20.886521071195602,23.769128143787384,0.0
stage1,184,0.027920124179217964,0.008784135214227717,0.0013356548161027604,0.007448480362654664,0.010619602289807517,0.0006367845371642034,0.004092132894584211,0.003787469380768016,20.908425241708755,23.75434371829033,0.0
stage1,185,0.02799694426357746,0.008779691794188693,0.001355163332846132,0.007424528514093254,0.0107362693088362,0.0006355399664244032,0.004056302659591893,0.0037891406973358244,20.909905314445496,23.766067028045654,0.0
stage1,186,0.029448171466356143,0.008964044274762273,0.001541973467283242,0.007422070841130335,0.011930013104574755,0.0006368911917888909,0.004119952267501503,0.00379727073959657,20.882991522550583,23.7650585770607,0.0
stage1,187,0.02776229867595248,0.008868473451002501,0.001308417346990609,0.0075600560594466515,0.010418660611321684,0.0006531660228574765,0.004025253885629354,0.003796744844294153,20.925432294607162,23.761305660009384,0.0
stage1,188,0.02965995029080659,0.009060309974302072,0.0015666968629375333,0.007493613149563316,0.012089083174942061,0.0006451030403695768,0.0040754609944997355,0.003789993115788093,20.903302907943726,23.769209504127502,0.0
stage1,189,0.029650704440427944,0.009049102358403616,0.0015709758590674028,0.00747812647750834,0.012109879680792801,0.0006429192526411498,0.00405531814249116,0.0037934850697638467,20.908006012439728,23.76454707980156,0.0
stage1,190,0.028474912396632135,0.008849964673572686,0.0014149546022963477,0.007435010047629476,0.01112519261369016,0.0006324405721898074,0.0040765409321465995,0.0037907735058979597,20.88536474108696,23.764767944812775,0.0
stage1,191,0.028840395825682208,0.008863897099217866,0.0014766111935387016,0.007387285906588659,0.011509481126267929,0.0006225245224413811,0.004052932927152142,0.0037915602952125482,20.872784942388535,23.794264316558838,0.0
stage1,192,0.026626097213011235,0.008539661990653258,0.001185246414024732,0.007354415603913367,0.009632201792555861,0.000621576370576804,0.004034692956338404,0.0037979641201673076,20.91166925430298,23.775953233242035,0.0
stage1,193,0.02827522560255602,0.008807378348137718,0.0013959479156255838,0.00741143042978365,0.010986036540998612,0.0006288850872806506,0.0040512228188163135,0.003801702903729165,20.881201326847076,23.791201919317245,0.0
stage1,194,0.029483586346032098,0.009024360253533814,0.0015561511099804193,0.007468209216312971,0.011992459309112746,0.0006362388858178747,0.00403086074948078,0.0037996672945155296,20.9056838452816,23.772246330976486,0.0
stage1,195,0.029029464785708115,0.008933823148254305,0.0015010313891252736,0.007432791753672063,0.011658146780973766,0.0006320986849459587,0.004002919951744843,0.003802476388955256,20.887353897094727,23.77807518839836,0.0
stage1,196,0.0266488651977852,0.008575425708841067,0.0011889571132996934,0.007386468576441985,0.009629771309846547,0.0006227009043868748,0.004024387650133576,0.003796579607296735,20.93072172999382,23.790581077337265,0.0
stage1,197,0.025593603728339076,0.008442210244538728,0.001050812146786484,0.00739139808138134,0.008732621710805688,0.0006311227734840941,0.003983670194429578,0.0038039790451875888,20.97023046016693,23.77499434351921,0.0
stage1,198,0.02666453129495494,0.008541576913557947,0.001188196044495271,0.007353380868153181,0.009646307044022251,0.0006240153779799584,0.004047970403917134,0.0038046616355131846,20.930681705474854,23.76918724179268,0.0
stage1,199,0.026354626344982535,0.008515082008671016,0.0011555805649550166,0.00735950144007802,0.009421348549949471,0.0006201175638125278,0.003988434942584718,0.003809643279964803,20.938282936811447,23.781560748815536,0.0
stage1,200,0.028684102464467287,0.00887574064108776,0.0014501837949865148,0.0074255568397347815,0.011328132583003026,0.0006350381845550146,0.004029723342682701,0.0038154675530677196,20.973376631736755,23.760886013507843,0.0
stage1,201,0.025082355015911162,0.008365381567273289,0.0009852008624875452,0.007380180679319892,0.008327252638991922,0.0006247446817724267,0.00395604778532288,0.00380892823159229,20.929763913154602,23.786480963230133,0.0
stage1,202,0.02832805272191763,0.0088016777735902,0.00141513136213689,0.007386546400084626,0.011094890549429692,0.0006248990484891692,0.003995730796304997,0.0038108546832518186,20.89551141858101,23.762852400541306,0.0
stage1,203,0.02622161991894245,0.008472956084006,0.0011402642589928291,0.007332691871852148,0.00933470825839322,0.0006136536976555362,0.0039868732274044305,0.003813428909779759,20.886280328035355,23.7799953520298,0.0
stage1,204,0.02760256690089591,0.008688721754879225,0.001318184229603503,0.007370537459792104,0.010486150174983777,0.0006221560142876115,0.003983684284321498,0.003821854839770822,20.882231444120407,23.783275216817856,0.0
stage1,205,0.02703494596062228,0.008597256295615807,0.0012412053629304864,0.007356050911766943,0.009969496895791963,0.0006166790071802097,0.004037271606648574,0.0038142425182741135,20.90006047487259,23.786422908306122,0.0
stage1,206,0.028411782550392672,0.008819719216262456,0.0014322162187454524,0.0073875030284398235,0.0111968436758616,0.0006265114698180696,0.003948416695493506,0.003820291574811563,20.915729194879532,23.792893290519714,0.0
stage1,207,0.027512941363966092,0.00870841179130366,0.0013031394182689837,0.007405272430332843,0.010363178174884524,0.0006268223914958071,0.0039963362251000945,0.0038181928321137093,20.93356341123581,23.782812297344208,0.0
stage1,208,0.028621833567740396,0.008796448215434793,0.001456869834328245,0.007339578427490778,0.01136606209911406,0.0006204128003446385,0.00402050772390794,0.0038184029181138612,20.93533504009247,23.78250738978386,0.0
stage1,209,0.027409737813286483,0.00868176799849607,0.0013026163451286266,0.007379151626082603,0.01036946371459635,0.0006213749411472236,0.003920566308806883,0.0038165650075825397,20.888267248868942,23.774121344089508,0.0
stage1,210,0.026239993836497888,0.008497673843521625,0.0011377010259820963,0.0073599727838882245,0.00930038021033397,0.0006199499439389911,0.0040039458726823796,0.0038180441479198635,20.921937495470047,23.77799755334854,0.0
stage1,211,0.028575638454640284,0.008830552411382087,0.0014582269204765907,0.007372325489996001,0.011354110654792748,0.0006207614287632168,0.003948200781451305,0.0038220130300032906,20.944892555475235,23.79050064086914,0.0
stage1,212,0.027574223844567314,0.008697362849488854,0.0013246022508610622,0.0073727606068132445,0.01049110554595245,0.0006217004547579563,0.0039476568417740054,0.0038163979770615697,20.96134901046753,23.76324287056923,0.0
stage1,213,0.02605593341286294,0.008429085341049358,0.00112729262218636,0.007301792727957945,0.009224953726516105,0.0006108821662564878,0.003972520353272557,0.0038184920595085714,20.94158026576042,23.786372989416122,0.0
stage1,214,0.026562319486401975,0.008546110570023302,0.0011840449651572271,0.007362065611232538,0.009593627342837863,0.0006134491613920545,0.003990808196249418,0.0038183244469109923,20.90801230072975,23.76620277762413,0.0
stage1,215,0.02818522503366694,0.008735735122172628,0.0014050770532776369,0.0073306580452481285,0.011015898482582998,0.0006155116088848445,0.0039910069754114375,0.0038270729601208586,20.9576418697834,23.780791997909546,0.0
stage1,216,0.02546949964016676,0.008375881618121639,0.0010505197969905566,0.007325361839320976,0.008727327316591982,0.0006105619140726048,0.003930773389583919,0.003824955394520657,20.9529809653759,23.788623452186584,0.0
stage1,217,0.025909312535077333,0.008488992651109584,0.001093135416340374,0.007395857246592641,0.009010848050820641,0.0006231338293218869,0.003962332029914251,0.003824005831120303,20.943893492221832,23.778176248073578,0.0
stage1,218,0.026757243991596624,0.008571593614760786,0.0012208983262098627,0.007350695297645871,0.009818199621804524,0.0006137413884061971,0.00392791120975744,0.0038257981213973835,20.908842533826828,23.775161176919937,0.0
stage1,219,0.024698280991287902,0.008253917781985365,0.0009481545284870663,0.007305763247131836,0.008065360343607608,0.0006069721748644952,0.003945206397474976,0.0038268244061328005,20.926325142383575,23.79038143157959,0.0
stage1,220,0.027051834331359714,0.008604930029832758,0.0012631766003323719,0.007341753451328259,0.010102741005539428,0.0006117236644058721,0.003907345591869671,0.0038250941506703384,20.909488171339035,23.78052169084549,0.0
stage1,221,0.02749693373334594,0.008640691608889028,0.0013200859593780478,0.007320605618588161,0.010461486228450667,0.0006099280999478651,0.00395483810279984,0.0038299896914395504,20.941812694072723,23.786415100097656,0.0
stage1,222,0.025313794263638556,0.008342596272996161,0.0010333006830478553,0.0073092955790343694,0.00862766142381588,0.0006076379986552638,0.003906990441464586,0.0038289081458060537,20.93390002846718,23.799520045518875,0.0
stage1,223,0.026405663578771055,0.008489189545798581,0.001166587235275074,0.007322602308704518,0.009478700631007086,0.000611951676546596,0.00399457825551508,0.003831243604508927,20.962785750627518,23.79110476374626,0.0
stage1,224,0.026906339335255325,0.008560746493458282,0.0012456616250346997,0.007315084912988823,0.00997114964411594,0.0006099481906858273,0.003933630963729229,0.0038308640832838137,20.95095318555832,23.779485553503036,0.0
stage1,225,0.025583433744031936,0.008343893612618558,0.001067920247805887,0.007275973366631661,0.008846308759530075,0.0006045800910214894,0.00395596736780135,0.003832684098597383,20.964612185955048,23.78714755177498,0.0
stage1,226,0.02536135390982963,0.008365413305000402,0.0010316352318113786,0.007333778026804794,0.008602967245678883,0.0006129691319074482,0.003950309539504815,0.003829694676824147,20.941243886947632,23.768846333026886,0.0
stage1,227,0.026771960721816868,0.008530371713277418,0.00122010203449463,0.007310269691515714,0.00981179071823135,0.000608018758612161,0.003987355386925628,0.0038344239692378324,20.95086160302162,23.792765229940414,0.0
stage1,228,0.025506432575639337,0.008369504117581528,0.0010583449770820152,0.007311159148230217,0.008770157670369372,0.0006076710333218216,0.003926082310499623,0.0038330176066665445,20.970237284898758,23.79420295357704,0.0
stage1,229,0.025442978454520926,0.008340136737388093,0.001052834500114841,0.007287302243639715,0.008745581595576368,0.0006090809765737504,0.003915494908142136,0.0038326841822708957,20.92527335882187,23.762692630290985,0.0
stage1,230,0.026104789169039577,0.008432807058852632,0.0011418314634283888,0.0072909756199806,0.009301610152760986,0.0006117081920820056,0.003922916530427756,0.0038357475423254073,20.982274025678635,23.783651649951935,0.0
stage1,231,0.02609152253717184,0.008454147646261845,0.0011354660050528764,0.007318681600736454,0.009263956395443529,0.0006110614094723132,0.00392874224417028,0.0038336148245434742,20.96510821580887,23.802230149507523,0.0
stage1,232,0.02753836550982669,0.008615145889052656,0.001335187574113661,0.007279958364961203,0.010545313656621147,0.0006043175844752113,0.00394199309812393,0.0038315953279379755,20.988427579402924,23.780192971229553,0.0
stage1,233,0.025673953001387417,0.008389015856664628,0.0010853785734070698,0.007303637336008251,0.008948344577220269,0.0006116856748121791,0.0038907884190848563,0.0038341187537298538,20.963961005210876,23.776313066482544,0.0
stage1,234,0.026108608639333397,0.008421817488851957,0.0011284683723715716,0.0072933491101139225,0.009229336297721602,0.000607692538324045,0.0040180964570026845,0.0038316659956763033,20.93499606847763,23.785283625125885,0.0
stage1,235,0.025051673990674317,0.008293453240185045,0.0009928639592544641,0.007300589277292602,0.008353135890502017,0.0006049356679795892,0.003964265688409796,0.0038358835663530044,20.908579885959625,23.781102150678635,0.0
stage1,236,0.02606971433851868,0.008452602654870134,0.0011291285818515462,0.0073234740702901036,0.009231642441591248,0.0006126675334598986,0.003935568183806026,0.003837233551166719,20.92522269487381,23.776020646095276,0.0
stage1,237,0.02547531368327327,0.008343261688423809,0.001055506698321551,0.007287755019206088,0.008750338296522386,0.0006056556985640782,0.003939407743018819,0.0038366504704754334,20.92221149802208,23.778559774160385,0.0
stage1,238,0.025236290035536513,0.008351247699465603,0.001014646408293629,0.007336601251154207,0.008489463260048069,0.0006143378041087999,0.003942812621971825,0.003838428783637937,20.94079464673996,23.79903808236122,0.0
stage1,239,0.026650233077816665,0.008538401321857236,0.0012129953402109095,0.007325405997107737,0.00975758679851424,0.0006118007704571937,0.0039063941076165065,0.0038360497492249124,20.94932049512863,23.78060021996498,0.0
stage1,240,0.024912791443057358,0.008292452148452867,0.0009674587663539569,0.00732499342848314,0.00818166219687555,0.000609897283538885,0.003989327811723342,0.00383945184876211,20.911949425935745,23.78242576122284,0.0
stage1,241,0.02513568106223829,0.00829745799273951,0.0010100815907208016,0.007287376378371846,0.008463150064926594,0.0006049064277249272,0.0039373535983031616,0.0038328131013258826,20.905280739068985,23.780678391456604,0.0
stage1,242,0.025551805389113724,0.008338010469742585,0.0010605379438857199,0.007277472534042317,0.008795516259851865,0.0006033534764355863,0.00398059938379447,0.003834325947536854,20.91622546315193,23.784122586250305,0.0
stage1,243,0.025072818505577743,0.008301165849843528,0.0010020785130109289,0.007299087359569967,0.008420840800681617,0.0006060489686205983,0.003909539962478448,0.0038352231931639835,20.89620018005371,23.7816441655159,0.0
stage1,244,0.0264564125391189,0.008475663424178492,0.0011909071545233019,0.007284756298759021,0.00962005333713023,0.0006063574028303265,0.003917489219020354,0.0038368492932931986,20.91324082016945,23.782961010932922,0.0
stage1,245,0.026246169756632298,0.00849941668275278,0.0011548533393579419,0.007344563280639704,0.009392229825607501,0.000613635668742063,0.003902864977135323,0.003838022719719447,20.935966551303864,23.792777836322784,0.0
stage1,246,0.02555283618858084,0.008394382944970857,0.0010658716141733748,0.007328511273954064,0.008826364639389794,0.0006148822340037441,0.0038805293734185398,0.003836676751234336,20.944799840450287,23.798641115427017,0.0
stage1,247,0.02595671423478052,0.008435150652076118,0.001110147723920818,0.007325002923607826,0.00911376209842274,0.000610799303103704,0.003961696795158787,0.003835305578832049,20.920679330825806,23.777765452861786,0.0
stage1,248,0.02523827596451156,0.008338692612596788,0.0010161561003769748,0.007322536541323643,0.008516318324836902,0.0006128385084593901,0.003932246458134614,0.003838179927697638,20.91919195652008,23.782927066087723,0.0
stage1,249,0.025303779053501785,0.008310493278258946,0.001036684038808744,0.007273809256730601,0.008643014443805441,0.0006045627342246007,0.003913397431460908,0.003832310943835182,20.95812875032425,23.78797134757042,0.0
