metric,asset,seed_0,seed_1,seed_2,seed_3,seed_4,mean
A12_rv_law_loss,0,0.00396585869614526,0.004063119942694555,0.003945866513000359,0.003952225176342663,0.004367127763978365,0.00405884
A12_rv_law_loss,1,0.008123356314965267,0.008398893376230477,0.008212377405795243,0.008186893043051846,0.008718312813612851,0.00832797
A12_rv_law_loss,2,0.002704826536276072,0.002951969861299143,0.0026993087711394254,0.0026422145452776086,0.003152631183928714,0.00283019
A12_rv_law_loss,3,0.004119740223001428,0.004530741754779665,0.0039523822593637,0.003841070936882443,0.005505099289351115,0.00438981
A12_rv_law_loss,4,0.005512438209421367,0.005538573986397168,0.005336467838973252,0.005491835742760166,0.005934312588392859,0.00556273
A12_rv_law_loss,5,0.007130106328487713,0.007389447763225011,0.006381400321268618,0.006860739234396064,0.008301548280475165,0.00721265
A12_rv_law_loss,6,0.013044320632870116,0.013300508944250528,0.013156728500734596,0.012834675044605438,0.01390838315056774,0.01324892
A12_rv_law_loss,7,0.01524771077141193,0.015357539383471732,0.014754360568227947,0.014220909109448723,0.015995232745638722,0.01511515
A13_mean_path_rmse,0,0.025678819881857287,0.005859282977987016,0.008558347427684982,0.04167827018983345,0.06119894548771689,0.02859473
A13_mean_path_rmse,1,0.026760369272356536,0.006832579443742181,0.0050437773848524435,0.04782245902607975,0.06663537035415841,0.03061891
A13_mean_path_rmse,2,0.021543813443041456,0.006623735981140145,0.00428837887073073,0.04671263827261963,0.061576574419138,0.02814903
A13_mean_path_rmse,3,0.03517290511398922,0.008665402289083518,0.008337847512507253,0.10567870199715697,0.11323083973507782,0.05421714
A13_mean_path_rmse,4,0.027614204583185607,0.007795366737434437,0.010104587175635522,0.08211504328562481,0.08389708650237605,0.04230526
A13_mean_path_rmse,5,0.033710816413191846,0.011568765200692029,0.014057461093257234,0.0884319882330314,0.10585446500313017,0.0507247
A13_mean_path_rmse,6,0.03354456953628512,0.007380636360633823,0.01502520502241421,0.09114743644754991,0.10770719267636915,0.05096101
A13_mean_path_rmse,7,0.03277099524869985,0.010659020623734363,0.010787629315765225,0.08830837015813552,0.10948067892753428,0.05040134
A14_ks_logreturns,0,0.10115239501312334,0.1038437089895013,0.09776133940288714,0.09744350803805774,0.11915087762467194,0.10387037
A14_ks_logreturns,1,0.11638523211942256,0.11855622539370081,0.11277374507874016,0.11034130987532806,0.13145146407480315,0.1179016
A14_ks_logreturns,2,0.04971754019028868,0.05246524360236221,0.052959932742782156,0.055556409940944795,0.05261646981627288,0.05266312
A14_ks_logreturns,3,0.06745714402887143,0.06893352198162728,0.06937438484251968,0.07281157726377951,0.07111476788057747,0.06993828
A14_ks_logreturns,4,0.0905639968832021,0.09166871719160105,0.08391773293963253,0.08420224327427822,0.10028348507217849,0.09012724
A14_ks_logreturns,5,0.09425750492125987,0.09625932988845143,0.0890286663385827,0.08972584481627299,0.11460896489501313,0.09677606
A14_ks_logreturns,6,0.1624989747375328,0.16507750984251968,0.16033054461942256,0.16039718667979003,0.1759888656496063,0.16485862
A14_ks_logreturns,7,0.20341207349081358,0.19974932332677164,0.1987958292322834,0.2071978551509186,0.20782070209973746,0.20339516
A15_skewness_error,0,0.334340316884617,0.4616994862722892,0.4687822214736773,0.12125276739603073,0.1590535584362806,0.30902567
A15_skewness_error,1,1.2048148149857827,0.4581396653823203,0.5638447995064981,0.11060016001167362,0.07188893250843903,0.48185767
A15_skewness_error,2,0.3737744280345212,0.14233985907312588,0.025566607483704484,0.2806129416119524,0.2793911743398876,0.220337
A15_skewness_error,3,0.0953964246483596,0.07134076362018185,0.11296780290672172,0.31571952761653493,0.21676810585549522,0.16243852
A15_skewness_error,4,0.2739059393589536,0.5569651625051619,0.5790983251368054,1.211249159734134,0.7973611543263002,0.68371595
A15_skewness_error,5,0.8723045598769411,0.2670131053172121,1.375437919281944,1.9843069278635412,1.8636372419409164,1.27253995
A15_skewness_error,6,0.2724336696886335,0.5406879245566206,0.012266922265137925,0.48379218269006274,0.5974511448066175,0.38132637
A15_skewness_error,7,0.07540856399342595,0.04705110807119477,0.010205782739433122,0.3662900480590352,0.030170765465059653,0.10582525
A16_qq_rmse,0,0.00016003186879301397,0.0001638897393216636,0.00015731872919260063,0.00015602676600160817,0.00017944479279407535,0.00016334
A16_qq_rmse,1,0.0002421900924821657,0.00024950773548179856,0.0002413856067896873,0.0002373213068110613,0.00026333658159182583,0.00024675
A16_qq_rmse,2,9.4654872729541e-05,9.965678170216934e-05,9.095143625735862e-05,8.897776040567057e-05,0.00010935588643689361,9.672e-05
A16_qq_rmse,3,9.287684510506004e-05,0.0001013405104620227,8.679381296912786e-05,8.214884488905638e-05,0.00012414470721708402,9.746e-05
A16_qq_rmse,4,0.00016831526190906585,0.00016983579766758386,0.0001563855706310685,0.00015385105140431742,0.00018732318322819746,0.00016714
A16_qq_rmse,5,0.00017664078148851826,0.0001876386773513972,0.00016271992782504428,0.00016577879945737714,0.00021559635602326645,0.00018167
A16_qq_rmse,6,0.00031111601167349296,0.00031674491180291555,0.00030845786283495777,0.00030191242148816505,0.0003335725026474144,0.00031436
A16_qq_rmse,7,0.0003694460825231551,0.00037536976003018204,0.00035855015584449265,0.00035012446196078,0.0003885585452977687,0.00036841
A17_terminal_ks,0,0.0830078125,0.06315104166666669,0.0595703125,0.1171875,0.1328125,0.09114583
A17_terminal_ks,1,0.08854166666666667,0.07877604166666663,0.07259114583333326,0.119140625,0.123046875,0.09641927
A17_terminal_ks,2,0.05533854166666663,0.03255208333333337,0.02734375,0.095703125,0.09440104166666669,0.06106771
A17_terminal_ks,3,0.07779947916666674,0.0361328125,0.036458333333333315,0.1318359375,0.1083984375,0.078125
A17_terminal_ks,4,0.0673828125,0.03645833333333337,0.037434895833333315,0.11783854166666669,0.1064453125,0.07311198
A17_terminal_ks,5,0.04166666666666674,0.024088541666666657,0.03287760416666666,0.08951822916666669,0.099609375,0.05755208
A17_terminal_ks,6,0.0849609375,0.0654296875,0.060546875,0.12141927083333331,0.138671875,0.09420573
A17_terminal_ks,7,0.0693359375,0.0341796875,0.03385416666666674,0.10774739583333337,0.12337239583333337,0.07369792
A19_pred_score_gru,0,0.009683,0.009667,0.009691,0.009644,0.009724,0.0096818
A19_pred_score_gru,1,0.008473,0.008494,0.008547,0.008475,0.008517,0.0085012
A19_pred_score_gru,2,0.008817,0.008785,0.008848,0.008784,0.008774,0.0088016
A19_pred_score_gru,3,0.006989,0.007039,0.007012,0.006905,0.007004,0.0069898
A19_pred_score_gru,4,0.008111,0.00817,0.008121,0.008096,0.008143,0.0081282
A19_pred_score_gru,5,0.006074,0.006094,0.006078,0.006027,0.006062,0.006067
A19_pred_score_gru,6,0.007885,0.007814,0.007882,0.007837,0.007858,0.0078552
A19_pred_score_gru,7,0.007297,0.007145,0.00711,0.007123,0.007136,0.0071622
A19_pred_score_mlp,0,0.009669,0.009807,0.009832,0.009954,0.009992,0.0098508
A19_pred_score_mlp,1,0.008735,0.008731,0.008841,0.00884,0.009278,0.008885
A19_pred_score_mlp,2,0.009106,0.010511,0.009247,0.00894,0.009281,0.009417
A19_pred_score_mlp,3,0.007016,0.007181,0.007966,0.007685,0.007259,0.0074214
A19_pred_score_mlp,4,0.008405,0.008239,0.008384,0.00826,0.00815,0.0082876
A19_pred_score_mlp,5,0.006417,0.006383,0.006209,0.006198,0.006382,0.0063178
A19_pred_score_mlp,6,0.008202,0.008611,0.008517,0.008103,0.008663,0.0084192
A19_pred_score_mlp,7,0.007631,0.007827,0.007754,0.00767,0.008007,0.0077778
A1_kurtosis_error,0,1.3527849647637247,6.121654383964341,5.595963048455435,7.043077829109109,6.8797468853207455,5.39864542
A1_kurtosis_error,1,147.62014397093213,7.730240804672242,2.665347057174568,9.313721861516552,9.352791036876543,35.33644895
A1_kurtosis_error,2,16.052963288414713,32.70719462525234,29.546626623159156,29.03753432142601,32.350769495669596,27.93901767
A1_kurtosis_error,3,7.5858272983551664,9.153915321928576,10.113316276110709,14.81630718796083,13.30126060216915,10.99412534
A1_kurtosis_error,4,16.476235005173677,57.32585967226859,101.4140340713805,79.78320521967633,41.48763402564984,59.2973936
A1_kurtosis_error,5,11.576397636398355,18.225215604287996,6.331944005328637,20.16577830015892,112.51185723730636,33.76223856
A1_kurtosis_error,6,20.96967339773797,40.64116899877041,6.590545142902954,2.5507130723484117,1.036226714063968,14.35766547
A1_kurtosis_error,7,3.3503995495313372,7.629344149814125,6.392262688168811,22.60536166974692,2.3784852147191113,8.47117065
A21_acf_abs,0,0.043102381373917524,0.04002399017768836,0.03403998533267481,0.029600250002292817,0.03271841689258942,0.035897
A21_acf_abs,1,0.0387410485782693,0.03196121722435446,0.027329295123150937,0.023222651682727212,0.02465283073834125,0.02918141
A21_acf_abs,2,0.008328102859456305,0.009087510465934536,0.007327068630278794,0.011202977689510032,0.013319779322718855,0.00985309
A21_acf_abs,3,0.013055219370075059,0.00984591377956625,0.008181943953965737,0.009426887441299452,0.005393511710251822,0.0091807
A21_acf_abs,4,0.03215916928082227,0.028314819523078395,0.028017140948916313,0.01935896461418919,0.020892095099045122,0.02574844
A21_acf_abs,5,0.04037690663425772,0.031180345824006965,0.03669059964342351,0.026121793363793493,0.02803694498007584,0.03248132
A21_acf_abs,6,0.03269065001724049,0.027907102498608775,0.02652069187762508,0.020592166631223277,0.0176643127129868,0.02507498
A21_acf_abs,7,0.03727981540614712,0.03025220316042626,0.03008452856718483,0.029184026826969533,0.025261712210725873,0.03041246
A22_acf_sq,0,0.035541691022597556,0.033360175549654626,0.028530627238810422,0.027110539333136837,0.028376805866549597,0.03058397
A22_acf_sq,1,0.03218105645621523,0.028078451228227757,0.02385072730634369,0.02333024744161246,0.022286654340547638,0.02594543
A22_acf_sq,2,0.0063747789289518905,0.002291399875264388,0.005039948081030966,0.004683732487691154,0.0044450906922938105,0.00456699
A22_acf_sq,3,0.014313445670569937,0.011860548460923706,0.009836940133229248,0.011980836294009145,0.008785934819445188,0.01135554
A22_acf_sq,4,0.028566488873409047,0.02576007494568646,0.024697943741401895,0.02021778766866668,0.02082004466459604,0.02401247
A22_acf_sq,5,0.034945954067773996,0.02679450176960802,0.030742563236446686,0.025078146241771532,0.025259671198772038,0.02856417
A22_acf_sq,6,0.0298189247639559,0.025379659577109394,0.02399563014596956,0.02091907954766916,0.01854908463485174,0.02373248
A22_acf_sq,7,0.03061930720677178,0.024743798182895724,0.024869492628276115,0.024995321804621214,0.021085379018513928,0.02526266
A23_acf_lag1_abs_error,0,0.07743242789573682,0.08108719149378593,0.06553266574771363,0.06030248658162926,0.0711556361754753,0.07110208
A23_acf_lag1_abs_error,1,0.06562400141243736,0.06065861572881,0.04965820449968135,0.04234049404975042,0.05446108711461477,0.05454848
A23_acf_lag1_abs_error,2,0.014763468611351901,0.0189476114399737,0.016021002004467433,0.022972422059142558,0.028117876106163633,0.02016448
A23_acf_lag1_abs_error,3,0.018775926968664175,0.020290458562867264,0.014072377728942626,0.014043596903108038,0.009404276220813801,0.01531733
A23_acf_lag1_abs_error,4,0.04344802031293789,0.04244218050668018,0.04294904146315899,0.02424532967210724,0.030963036695143678,0.03680952
A23_acf_lag1_abs_error,5,0.06756611757102511,0.05888923832264585,0.06340255605435553,0.04677641144747406,0.05484555080096222,0.05829597
A23_acf_lag1_abs_error,6,0.046449037481794034,0.04643370249734842,0.038805170413841863,0.0293969662408146,0.02679445519901784,0.03757587
A23_acf_lag1_abs_error,7,0.049889866492629525,0.04161470875371612,0.04147312473509249,0.03698009367437023,0.0349701595680878,0.04098559
A24_acf_lag1_sq_error,0,0.06554218483986997,0.06828772481724586,0.056460690534877275,0.05416273381317148,0.060928429438710616,0.06107635
A24_acf_lag1_sq_error,1,0.0543379050882636,0.05108520498845669,0.04215232919426405,0.039968090383017366,0.04713641595700209,0.04693599
A24_acf_lag1_sq_error,2,0.0031755048332579028,0.000921411603275718,0.0037406360029242774,0.0026321611998347816,0.006772609998674788,0.00344846
A24_acf_lag1_sq_error,3,0.021976676063926198,0.02268684908147728,0.017546171850936265,0.01848293816898834,0.016553402340617487,0.01944921
A24_acf_lag1_sq_error,4,0.04124253892607281,0.0403911560539809,0.04138205249065441,0.027739434197811774,0.033644528241641464,0.03687994
A24_acf_lag1_sq_error,5,0.05751405683696305,0.04778719465046266,0.05314377856210829,0.044149776475289546,0.048231408692078856,0.05016524
A24_acf_lag1_sq_error,6,0.04318788704854014,0.042616846471444536,0.03626658675987392,0.03143920663581033,0.027472745442137667,0.03619665
A24_acf_lag1_sq_error,7,0.042495231825876605,0.03481081892729573,0.035838025679616185,0.033825005282400365,0.031225312722103042,0.03563888
A26_std_error,0,0.017723206617032656,0.01833342126951428,0.017626386709985595,0.01764084141920389,0.020228761672081517,0.01831052
A26_std_error,1,0.027679859549960925,0.02938652210794921,0.028440543642629844,0.02828111227245255,0.031026828693669878,0.02896297
A26_std_error,2,0.011046365351795234,0.012393175665812006,0.011151714997201481,0.010700813435142502,0.013329822144514291,0.01172438
A26_std_error,3,0.010457956360024542,0.011803893550909238,0.010149783035109952,0.009756058720503058,0.014603498401185758,0.01135424
A26_std_error,4,0.016089732163622278,0.014762798617949983,0.013448751816567454,0.012973612495002208,0.017434320536842338,0.01494184
A26_std_error,5,0.017965724164589657,0.018429206543912453,0.015231048794493489,0.01684451357244096,0.021901834184071815,0.01807447
A26_std_error,6,0.033033645578503475,0.032829564345008874,0.03355718207647288,0.03218990521820974,0.036136417848139354,0.03354934
A26_std_error,7,0.036796167585967425,0.03710161006357502,0.03515599974533045,0.03299387627427396,0.039274241880119645,0.03626438
A27_logreturn_std_error,0,0.00017756775249935222,0.00018344651251188875,0.00017636033311568106,0.00017678249374365084,0.00020286245222016154,0.0001834
A27_logreturn_std_error,1,0.0002769824488879122,0.00029396431292151505,0.00028441636736409174,0.00028318512295708536,0.0003111057942953177,0.00028993
A27_logreturn_std_error,2,0.000111166049742585,0.000124269480005429,0.00011179446989124573,0.00010763934998536461,0.00013411225702654304,0.0001178
A27_logreturn_std_error,3,0.00010471239846910653,0.00011879061301624152,0.00010188639902516266,9.933957026464198e-05,0.00014804815358926155,0.00011456
A27_logreturn_std_error,4,0.00016127789521230205,0.0001488940872752651,0.00013564822644623848,0.0001333689862344495,0.00017700047708524546,0.00015124
A27_logreturn_std_error,5,0.00018189151528538597,0.00018434331179195294,0.00015510056964523845,0.00017214920229954367,0.00022408631208238155,0.00018351
A27_logreturn_std_error,6,0.0003318349179139185,0.00033131559929230485,0.00033612057917508975,0.00032443279612088735,0.00036344532253449445,0.00033743
A27_logreturn_std_error,7,0.00036836754333780675,0.0003720708976838316,0.0003520302416767275,0.0003324066366109515,0.0003943571602255119,0.00036385
A28_kurtosis_ratio,0,0.9843314473686949,1.3614298265707214,1.3114223701367032,1.4396686407345354,1.4125554224803663,1.30188154
A28_kurtosis_ratio,1,0.13984163929471416,1.389990734718795,0.8647068750649778,1.5265266122750292,1.5550966328554376,1.0952325
A28_kurtosis_ratio,2,1.8198006648350742,5.070325066341032,3.704266045396935,3.5907938149293566,4.905620039397252,3.81816113
A28_kurtosis_ratio,3,1.4266954311400153,1.6730644302397735,1.751114438643821,2.507704505613938,2.221320859608632,1.91597993
A28_kurtosis_ratio,4,0.8043160502331024,0.504423610844482,0.3382356913789933,0.44848197234213816,0.5989300626265817,0.53887748
A28_kurtosis_ratio,5,1.3635356860288945,1.366568259069561,1.2651692020546998,1.5377590534787013,0.6066320513394107,1.22793285
A28_kurtosis_ratio,6,0.6499783615781682,0.5667377827453661,1.3894969818761114,1.295203166113985,1.1849227560662663,1.01726781
A28_kurtosis_ratio,7,0.8413047762344679,0.7296924540598534,0.7147270777229436,0.4275193125606997,0.9217550594049384,0.72699974
A29_sigma_mean_error,0,0.0025913688559711895,0.002680055456289971,0.0025499929140772102,0.0025030793582929037,0.0028929465732938893,0.00264349
A29_sigma_mean_error,1,0.003972748437050649,0.00412847762612552,0.003959131364461744,0.0038728150396985465,0.004320556249137623,0.00405075
A29_sigma_mean_error,2,0.001311116244956334,0.00144222171021062,0.0012984539292102458,0.0011860026814703968,0.001552133949530546,0.00135799
A29_sigma_mean_error,3,0.0014159015355956544,0.0016388163714725996,0.0013405398041623513,0.0012462062582353182,0.001932754375885591,0.00151484
A29_sigma_mean_error,4,0.002718171131185519,0.0027405002713837097,0.0025071122808630678,0.0024353298265145443,0.002969026788215209,0.00267403
A29_sigma_mean_error,5,0.0032042864742784618,0.0033682339142390673,0.0029644030781146857,0.003005145711823542,0.003788094932793944,0.00326603
A29_sigma_mean_error,6,0.005178890711092339,0.005286668694233415,0.005136370556634916,0.005028343738975459,0.005537065990741243,0.00523347
A29_sigma_mean_error,7,0.005738422026772391,0.005849193487845404,0.005566537537930121,0.005382276369924001,0.006099554834554416,0.0057272
A2_abs_r_q95_error,0,0.00037193301159974446,0.00037644567115724316,0.00036268861023200827,0.0003633690228756583,0.0004144887966090573,0.00037779
A2_abs_r_q95_error,1,0.0005532187170513847,0.000568940461461941,0.0005502589416165985,0.0005441683678983004,0.0006019580331708234,0.00056371
A2_abs_r_q95_error,2,0.00023236013592282706,0.00023990618728424444,0.00022091664461525433,0.000215426950168096,0.0002660701719586103,0.00023494
A2_abs_r_q95_error,3,0.0002365338775508249,0.00025049941077606003,0.00021757811527334096,0.00020402697738592778,0.00030353987046929216,0.00024244
A2_abs_r_q95_error,4,0.0003978454839870685,0.0003981529477543595,0.00036926670602643787,0.00036714731444771284,0.0004448348209031384,0.00039545
A2_abs_r_q95_error,5,0.0003813446925056144,0.0004056730695520378,0.0003406297476116662,0.0003520329427406214,0.00047080435239483804,0.0003901
A2_abs_r_q95_error,6,0.000693083124078605,0.0007015738338452561,0.0006881321309016158,0.0006746713735155527,0.0007472232036185269,0.00070094
A2_abs_r_q95_error,7,0.0006220017416800343,0.0006333410353777776,0.0005907436574677411,0.0005721360251265575,0.0006683631043743256,0.00061732
A30_vol_path_rmse,0,0.07533005429286871,0.08298400072581118,0.08939879542361436,0.09033534287613894,0.10305098637640273,0.08821984
A30_vol_path_rmse,1,0.15180457035779696,0.16222860510548073,0.16985567531938173,0.16946938892082888,0.1802819446921598,0.16672804
A30_vol_path_rmse,2,0.031866150900843104,0.053180380425550185,0.044848433553913,0.03677637733639816,0.059413003302898705,0.04521687
A30_vol_path_rmse,3,0.0412891104331531,0.028210721781996177,0.011320146997198402,0.034790246912671484,0.01536237347318031,0.02619452
A30_vol_path_rmse,4,0.022651962727867226,0.017621651107790286,0.02096991612098195,0.016601533903578592,0.049966061853029445,0.02556223
A30_vol_path_rmse,5,0.020537245740014563,0.027133689464618423,0.023529285220133395,0.02524099144879163,0.07090202562850659,0.03346865
A30_vol_path_rmse,6,0.11046440532869858,0.09063497766358738,0.1328960679066705,0.10100711795975859,0.1334924973349709,0.11369901
A30_vol_path_rmse,7,0.05393683599802176,0.04056977996705445,0.05693977513552608,0.025276953245363484,0.08181351194675224,0.05170737
A31_rolling_vol_ks,0,0.32998549712059627,0.3420324144647696,0.32000021172086723,0.3099037728658537,0.36936028539972904,0.33425644
A31_rolling_vol_ks,1,0.3750079395325203,0.38667905233739835,0.36646764905149054,0.3484581427845529,0.4060832698170732,0.37653921
A31_rolling_vol_ks,2,0.12928999407181574,0.1342442623644987,0.12033420138888895,0.11147897611788626,0.15087758299457998,0.129245
A31_rolling_vol_ks,3,0.10895420477642281,0.1260268462059621,0.10024718411246603,0.09045774051490518,0.1430730225271003,0.1137518
A31_rolling_vol_ks,4,0.2941570333672087,0.30888486619241196,0.27773808011517614,0.2595697831978319,0.3141964134485095,0.29090924
A31_rolling_vol_ks,5,0.32346714092140927,0.34083089854336046,0.3122009442750677,0.3009612127371274,0.371678628895664,0.32982777
A31_rolling_vol_ks,6,0.45356167428861793,0.46986418106368566,0.44474879319105687,0.4368039676490515,0.4829247120596206,0.45758067
A31_rolling_vol_ks,7,0.4993039676490515,0.5082094766260162,0.4850657393292683,0.4773723323170732,0.5205872078252033,0.49810774
A32_vol_of_vol_error,0,9.871331609941493e-05,0.00010196679418121262,0.00010049437012112954,0.00010244233361180401,0.00011594813078102836,0.00010391
A32_vol_of_vol_error,1,0.00015587993000132618,0.00017342697297921314,0.00016918357933280622,0.00017328326060032153,0.00018513927783737492,0.00017138
A32_vol_of_vol_error,2,9.04348216931084e-05,0.00010221673939825936,9.299980072613876e-05,9.554716732040799e-05,0.00011098794154803789,9.844e-05
A32_vol_of_vol_error,3,7.437575474973917e-05,8.258078321295978e-05,7.735476779002461e-05,7.970381512035064e-05,0.00010624942543858556,8.405e-05
A32_vol_of_vol_error,4,6.952256821955217e-05,5.188725837941381e-05,4.941534755946469e-05,4.911910870788712e-05,7.841088048014848e-05,5.967e-05
A32_vol_of_vol_error,5,7.598016920265857e-05,7.323474263798673e-05,5.77646735386641e-05,7.518927761607019e-05,0.00010244270585805317,7.692e-05
A32_vol_of_vol_error,6,0.0001519101782548017,0.00014459441306733105,0.00016136382755028885,0.00015415121094196273,0.0001778875405597705,0.00015798
A32_vol_of_vol_error,7,0.00016487348273681754,0.00016416329049900695,0.00015415545858707977,0.00013534235607849378,0.00018165996223203087,0.00016004
A3_abs_r_q99_error,0,0.0006122199115045745,0.0006276493068873716,0.0006098115865008405,0.0006174073336484651,0.0006999709731310136,0.00063341
A3_abs_r_q99_error,1,0.0010554696682376675,0.0010903313486031187,0.0010726109774086146,0.001069722888703946,0.0011611438494609021,0.00108986
A3_abs_r_q99_error,2,0.0005174005054718502,0.0005521878917790633,0.0005018311283672468,0.0005104948710068253,0.0005952192994247174,0.00053543
A3_abs_r_q99_error,3,0.000439087856690107,0.00047565366047284583,0.0004226522033842343,0.0004018004419808355,0.0005849954705903924,0.00046484
A3_abs_r_q99_error,4,0.000543345592257269,0.000499878192997094,0.00045918821415430835,0.0004998213480693087,0.0006267303800057712,0.00052579
A3_abs_r_q99_error,5,0.000517437350936056,0.0005470585895938982,0.0004355546343447858,0.0005284660591111563,0.0007246174571230403,0.00055063
A3_abs_r_q99_error,6,0.0010865952912544675,0.0010842993168834341,0.0010712333446546206,0.0010474965683296567,0.0011865230627248378,0.00109523
A3_abs_r_q99_error,7,0.0008369645835463134,0.0008406678331803349,0.0007626874606086081,0.0006937972921620963,0.0009099731957946916,0.00080882
A4_tail_qq_error,0,0.0003650594644731621,0.00037061928140710225,0.0003575844876075312,0.00035747034332931423,0.00040898335229145536,0.00037194
A4_tail_qq_error,1,0.0005545901235087169,0.0005705461984202995,0.0005524424390701407,0.0005484130941829218,0.0006028403244519064,0.00056577
A4_tail_qq_error,2,0.00023345290582085966,0.00024371360834423756,0.00022295848256575937,0.00021779640518025103,0.0002677722441953304,0.00023714
A4_tail_qq_error,3,0.00022756619451221516,0.0002444151687347091,0.0002107043748122493,0.00019786572917074053,0.0002991079952262453,0.00023593
A4_tail_qq_error,4,0.00038474628645995433,0.0003844656882732142,0.000354972935684569,0.0003553371855553195,0.00043340885924478685,0.00038259
A4_tail_qq_error,5,0.0003746690304776572,0.00039981152109068587,0.0003337049254414141,0.0003498481974625163,0.0004682963785118061,0.00038527
A4_tail_qq_error,6,0.000671973953687492,0.0006825878711738989,0.0006673451706970661,0.0006549100696380179,0.0007266325502210211,0.00068069
A4_tail_qq_error,7,0.0006447727244836051,0.0006582808260035455,0.0006151845569478176,0.00059403241856792,0.000692754159376127,0.000641
A5_hill_tail_index_error,0,20.144477447346162,83.31126491107352,45.47468242187966,55.58772188986973,10.033929861967465,42.91041531
A5_hill_tail_index_error,1,73.28226202512525,129.8594397515095,115.10668877060772,125.87413133173237,81.47994208486307,105.12049279
A5_hill_tail_index_error,2,6.3349557583792375,88.76893369730448,61.09096471045149,19.630503573481633,18.38742269855112,38.84255609
A5_hill_tail_index_error,3,0.12476415764473359,18.941917630762788,5.070695438660579,10.875965526510612,6.745700393988699,8.35180863
A5_hill_tail_index_error,4,6.272689494929722,5.338211870267486,16.606179931302478,13.997843917853686,2.933481955432711,9.02968143
A5_hill_tail_index_error,5,19.38627530474011,21.908654550343698,20.39358228876725,16.411781993038858,20.55396952307612,19.73085273
A5_hill_tail_index_error,6,48.360150314875284,66.85843823928388,52.917334642498986,38.192390166361946,43.00759800811821,49.86718227
A5_hill_tail_index_error,7,37.36655253939034,17.8669026495065,30.234038479042084,7.335112691098374,20.420333945508872,22.64458806
B_acf_abs_r_der,0,0.00010020236112290667,0.00013472684641888493,9.348923423253866e-05,9.55723696181613e-05,0.00015492619486597234,0.00011578
B_acf_abs_r_der,1,9.941106372113045e-05,9.128125575169438e-05,7.120938295178105e-05,8.679334175111377e-05,0.0001279789285866669,9.533e-05
B_acf_abs_r_der,2,7.402239315873081e-05,7.165893446039879e-05,4.8490435160041544e-05,9.419418131981034e-05,0.00010542542633255086,7.876e-05
B_acf_abs_r_der,3,8.49668125438601e-05,8.707737741152019e-05,8.181672744717086e-05,7.443990458165875e-05,9.274992937133158e-05,8.421e-05
B_acf_abs_r_der,4,5.527834395459674e-05,7.799527679691034e-05,5.6286557565926984e-05,6.916202210569748e-05,0.00010278929254125876,7.23e-05
B_acf_abs_r_der,5,0.0001232955339388691,0.00014282926536381157,0.00011692773397222359,0.00013798528603532048,0.00017606470185164847,0.00013942
B_acf_abs_r_der,6,3.926448603437467e-05,6.588271745343685e-05,3.425631316837264e-05,4.678619192442837e-05,6.993259380373438e-05,5.122e-05
B_acf_abs_r_der,7,2.8091974258217747e-05,3.32357871901183e-05,2.2817429997542268e-05,2.838812143705167e-05,3.6932785309709986e-05,2.989e-05
B_acf_abs_r_der_nrmse,0,30.003579956107966,34.79054013363358,28.981102338066293,29.302203235654297,37.30753253342149,32.07699164
B_acf_abs_r_der_nrmse,1,28.967559954808088,27.757820121089104,24.516765061127423,27.066852676283126,32.86728185076849,28.23525593
B_acf_abs_r_der_nrmse,2,30.39209527227652,29.902965109333685,24.59841486478787,34.28397099259525,36.2703514692483,31.08955954
B_acf_abs_r_der_nrmse,3,35.7906340417913,36.23242477348174,35.120911693116625,33.50021797140453,37.39396547387602,35.60763079
B_acf_abs_r_der_nrmse,4,28.687377725512555,34.07591228925297,28.947808042020178,32.08833485557469,39.118958024113496,32.58367819
B_acf_abs_r_der_nrmse,5,40.55437041154401,43.6488284851133,39.493239354920156,42.90228067683659,48.46186668179619,43.01211712
B_acf_abs_r_der_nrmse,6,29.0347399860488,37.61003475424567,27.11991305031349,31.69398380607526,38.74875926363616,32.84148617
B_acf_abs_r_der_nrmse,7,13.36925075206597,14.541825297022271,12.04895275445669,13.439535698893886,15.329287476160292,13.7457704
B_acf_abs_r_der_pct,0,2954.0513169087185,1574.096267869136,3038.807821963432,2176.8173290759423,4902.179144647109,2929.19037609
B_acf_abs_r_der_pct,1,114.69275613464049,107.50290092923949,101.65166998565857,111.4894267455187,122.62437162892132,111.59222508
B_acf_abs_r_der_pct,2,99.21159764699516,108.07840899845893,71.54545360878565,154.6502333771971,143.98368226662834,115.49387518
B_acf_abs_r_der_pct,3,103.16815805678443,103.9832478288574,103.75855546585362,102.57770937305438,110.83204266148165,104.86394268
B_acf_abs_r_der_pct,4,112.27589331764555,157.99794301162927,121.36553349102996,120.64031602940533,165.06376539155264,135.46869025
B_acf_abs_r_der_pct,5,92.6985645754257,98.6990811770193,91.89433725269204,108.78135521702366,116.50206894869622,101.71508143
B_acf_abs_r_der_pct,6,95.00707568557523,119.14009919651704,99.03859040096913,102.47231015405305,125.85828071581963,108.30327123
B_acf_abs_r_der_pct,7,187.85568558771513,252.07025684804032,233.56374317996483,206.65954493318824,190.98454900795295,214.22675591
B_acf_abs_r_funct,0,0.0009561059763735771,0.0007407782241071474,0.000564232083594835,0.00043799625952978553,0.0005095797091826704,0.00064174
B_acf_abs_r_funct,1,0.0008456636793464621,0.0004989134048736692,0.00041795649002671585,0.0003039918793868806,0.0003219105249619965,0.00047769
B_acf_abs_r_funct,2,7.354589082624e-05,6.249320544731683e-05,5.1513922710034525e-05,6.671680546754707e-05,0.00010494903451151419,7.184e-05
B_acf_abs_r_funct,3,0.00020146304912147688,0.00010696306620655506,0.00010286964093323,0.00010609128045305437,7.595491406282466e-05,0.00011867
B_acf_abs_r_funct,4,0.0006075110050958828,0.0004660629756792812,0.0003988789470614061,0.00021988147840260093,0.00028494049377699,0.00039545
B_acf_abs_r_funct,5,0.0008888705885455297,0.0005135731493105958,0.0006658291644299578,0.00034632932220052455,0.0004239884993994756,0.00056772
B_acf_abs_r_funct,6,0.0006109752343757017,0.00040780532013312294,0.00037801265280191143,0.0002648541285464801,0.00020807844142115058,0.00037395
B_acf_abs_r_funct,7,0.0007324037502020861,0.00047117151894631034,0.0004754701389398039,0.00042422301573168196,0.0003634726712662924,0.00049335
B_acf_abs_r_funct_cvar90,0,54.971324148381996,54.712096204976326,44.981670361769126,40.92404540675064,45.78323526214806,48.27447428
B_acf_abs_r_funct_cvar90,1,42.05669150679707,37.19776682109588,31.120731275797485,26.994770170871234,31.140370396465734,33.70206603
B_acf_abs_r_funct_cvar90,2,15.197515168343607,16.195482090281534,14.145462354270425,17.64017178350302,23.38544235746841,17.31281475
B_acf_abs_r_funct_cvar90,3,22.414395067970627,18.55745671351985,16.793622950771642,17.18652177768062,15.77365245908276,18.14512979
B_acf_abs_r_funct_cvar90,4,41.28812073736109,38.05428023150875,37.925550392083224,25.64721540533422,29.408514868710956,34.46473633
B_acf_abs_r_funct_cvar90,5,53.86913083237926,44.52590240910575,50.81988295014786,38.28593953901803,41.68442141189694,45.83705543
B_acf_abs_r_funct_cvar90,6,55.78213384996546,51.558883159250065,46.38740339674542,36.96557362695216,33.41526790471981,44.82185239
B_acf_abs_r_funct_cvar90,7,62.90883444071711,54.22716415782086,53.2466226380088,48.805224448591105,43.415255124141,52.52062016
B_acf_abs_r_funct_cvar95,0,68.8334120250703,72.08230729329908,58.255140709069245,53.60578271673949,63.25366975922966,63.2060625
B_acf_abs_r_funct_cvar95,1,53.24161335461787,49.2131308019767,40.288352842732586,34.35139834390641,44.184994523651106,44.25589797
B_acf_abs_r_funct_cvar95,2,15.80027065544346,18.73108838983868,15.837922663236368,22.709905651252086,27.79656023384985,20.17514952
B_acf_abs_r_funct_cvar95,3,24.305833814157587,21.00995644367564,17.76693610305547,17.78397392370697,18.150136397681845,19.80336734
B_acf_abs_r_funct_cvar95,4,44.951643672786766,43.91099435809647,44.43539645842364,26.210033125813865,32.03458713476135,38.30853095
B_acf_abs_r_funct_cvar95,5,68.32644962585267,59.551928102537374,64.11603490233104,47.30279369810776,55.46273633475237,58.95198853
B_acf_abs_r_funct_cvar95,6,62.192849977163824,62.172317229059104,51.958108773132054,39.36101177370989,35.87638458742544,50.31213447
B_acf_abs_r_funct_cvar95,7,63.75022410721165,55.278258790617784,53.498094513698014,50.35657902372712,44.68553769050727,53.51373883
B_acf_abs_r_funct_nrmse,0,29.323083678065743,25.810756100129822,22.52607428920458,19.846860818876117,21.407339005437535,23.78282278
B_acf_abs_r_funct_nrmse,1,25.73631543651402,19.76788100238242,18.09310353333037,15.430447556021875,15.878706444515247,18.98129079
B_acf_abs_r_funct_nrmse,2,9.390305020652722,8.655992945038024,7.858918845999391,8.943718360285375,11.217335693559754,9.21325417
B_acf_abs_r_funct_nrmse,3,16.56807983149018,12.072338357402684,11.839083650279768,12.023040850508924,10.173078963563444,12.53512433
B_acf_abs_r_funct_nrmse,4,28.85108647926069,25.270125546457862,23.37790853263478,17.35719017659701,19.75887364595872,22.92303688
B_acf_abs_r_funct_nrmse,5,34.00566231274575,25.848367794818717,29.431566405956485,21.22641256810633,23.485997374424635,26.79960129
B_acf_abs_r_funct_nrmse,6,38.658606063063836,31.583541809772896,30.407978911050908,25.45292867896844,22.560458940415636,29.73270288
B_acf_abs_r_funct_nrmse,7,39.85591710484136,31.9673799227535,32.112872185106475,30.332949404347474,28.077174981126586,32.46925872
B_acf_abs_r_funct_pct,0,487.37119993469076,339.82395193224795,345.9331530271541,299.47498509810424,281.26607401317966,350.7738728
B_acf_abs_r_funct_pct,1,493.7502869326573,310.66461476409773,343.75976632558115,301.9452335664418,255.2940475871738,341.08278984
B_acf_abs_r_funct_pct,2,141.55931295417165,104.91129473845677,123.9930762469086,93.43276482088758,120.35773095587352,116.85083594
B_acf_abs_r_funct_pct,3,210.42986016358708,114.86769122314794,134.1808783345765,124.27397801577844,98.02633224102814,136.355748
B_acf_abs_r_funct_pct,4,308.63118348586386,257.7903753134576,217.31213393520642,182.17476949809702,220.3140364080281,237.24449973
B_acf_abs_r_funct_pct,5,364.71876141764915,264.8611163519013,292.7936121614496,186.33771146527607,216.06955047739933,264.95615037
B_acf_abs_r_funct_pct,6,1440.7547762626734,1030.1746819263265,1170.7513824418368,886.090911229213,721.8450475594221,1049.92335988
B_acf_abs_r_funct_pct,7,586.572916177168,456.79079454614254,459.8476953882372,454.8065876466252,414.9120234332778,474.58600344
B_acf_abs_r_sec_der,0,0.00017272650479738732,0.00019960839813471686,0.00016977057854715948,0.0001931520107183196,0.0003231626328311233,0.00021168
B_acf_abs_r_sec_der,1,0.00024085318514064502,0.00019561518822136626,0.0001810193530892825,0.00025257759964228887,0.00030715416438010536,0.00023544
B_acf_abs_r_sec_der,2,0.0002595048037231082,0.0002465402906647714,0.0001573254875612389,0.0003290481017395139,0.00035934729019658214,0.00027035
B_acf_abs_r_sec_der,3,0.0003307580146001825,0.0003161139961421602,0.00031336632660360536,0.0002868239393101084,0.0003601433723113503,0.00032144
B_acf_abs_r_sec_der,4,0.00018199779907597687,0.00026377494713921324,0.0001836631708498579,0.0002500147193515481,0.00038001453231155185,0.00025189
B_acf_abs_r_sec_der,5,0.00033797503326175155,0.00039460827279488386,0.0003188656954760838,0.00044865588191250825,0.0005297469613205894,0.00040597
B_acf_abs_r_sec_der,6,0.00012175469100755588,0.00019568843269743372,0.00010856511900063929,0.00016472336374087333,0.0002663958876970676,0.00017143
B_acf_abs_r_sec_der,7,6.830836337617672e-05,9.614317111689116e-05,6.191708438517738e-05,9.157790927009323e-05,0.0001263383489043191,8.886e-05
B_acf_abs_r_sec_der_nrmse,0,73.60300791334838,79.12349731284569,72.97049372507065,77.83334354717319,100.6761592987468,80.84130036
B_acf_abs_r_sec_der_nrmse,1,67.0306369156134,60.40855327798399,58.111174516565036,68.64273273060985,75.69642218984637,65.97790393
B_acf_abs_r_sec_der_nrmse,2,72.07149107537123,70.24812845095896,56.11647072682151,81.1559753000159,84.81018167915201,72.88044945
B_acf_abs_r_sec_der_nrmse,3,70.90743890545843,69.31998717858674,69.01806426946592,66.03045795871199,73.990221033218,69.85323387
B_acf_abs_r_sec_der_nrmse,4,57.000565746404455,68.62192084044798,57.26076384735268,66.80806407359468,82.36566338782312,66.41139558
B_acf_abs_r_sec_der_nrmse,5,70.52425428029719,76.2042662651133,68.50150172856169,81.25552034564191,88.2938450501508,76.95587753
B_acf_abs_r_sec_der_nrmse,6,57.8852553177778,73.38506432198777,54.660079389890235,67.32908351533864,85.6226884388227,67.7764342
B_acf_abs_r_sec_der_nrmse,7,45.80787962516103,54.34536008174049,43.61225053155816,53.039401103878625,62.29753286061521,51.82048484
B_acf_abs_r_sec_der_pct,0,80.64783287494095,87.21683840152133,75.25020056916625,81.26189520708445,114.64792305450509,87.80493802
B_acf_abs_r_sec_der_pct,1,95.7143855851108,85.8466698445349,81.99999336103026,90.58501384476033,110.1699928010629,92.86321109
B_acf_abs_r_sec_der_pct,2,81.61596625787347,79.47245302161923,71.97614446271342,89.99646016630847,96.45017358568934,83.9022395
B_acf_abs_r_sec_der_pct,3,103.47802154047166,111.04804507203964,97.38429826219797,82.6268259817997,112.29602608258315,101.36664339
B_acf_abs_r_sec_der_pct,4,83.5464018136148,112.384157729425,93.31189284658717,78.53135508045419,121.07128676035907,97.76901885
B_acf_abs_r_sec_der_pct,5,95.77190545968689,102.52802592622947,86.54535040372066,104.4013357960578,118.44570918146648,101.53846535
B_acf_abs_r_sec_der_pct,6,62.67327537865677,93.70605497688602,66.98691243243364,77.43932062654862,100.95764143996304,80.35264097
B_acf_abs_r_sec_der_pct,7,53.534251130685476,65.14242654147533,49.07997864708895,65.90285282608276,74.42706106789178,61.61731404
B_acf_sq_r_der,0,5.827569610725987e-05,7.847351473163007e-05,5.33972210673988e-05,5.110330103649409e-05,8.122449472577972e-05,6.449e-05
B_acf_sq_r_der,1,5.147478167021469e-05,4.3190797984113505e-05,3.3972712602244424e-05,4.3109399152509856e-05,7.473737012726437e-05,4.93e-05
B_acf_sq_r_der,2,3.2677292386356384e-05,3.9505919550818474e-05,2.6707029992066553e-05,5.030379066361467e-05,5.459846335116258e-05,4.076e-05
B_acf_sq_r_der,3,3.976279612761044e-05,4.3557347552796076e-05,3.967305136622258e-05,3.285375528338778e-05,4.298429158456063e-05,3.977e-05
B_acf_sq_r_der,4,3.140288654647959e-05,4.918272495398231e-05,3.569368218658822e-05,4.255345363851471e-05,5.476808840735583e-05,4.272e-05
B_acf_sq_r_der,5,5.442329054166045e-05,6.044771154514224e-05,5.440673763906948e-05,6.727300663037898e-05,8.977243842457119e-05,6.526e-05
B_acf_sq_r_der,6,2.8904588879419806e-05,5.646382745409206e-05,3.128184090339016e-05,3.5642474455295156e-05,3.952536988927894e-05,3.836e-05
B_acf_sq_r_der,7,1.9771186197312408e-05,2.494924391732301e-05,1.2635257551544877e-05,2.103502292207204e-05,2.2500856953856385e-05,2.018e-05
B_acf_sq_r_der_nrmse,0,26.905147831084346,31.221459422942004,25.7543726615073,25.19510223274643,31.76399777178524,28.16801598
B_acf_sq_r_der_nrmse,1,22.53195070376378,20.639403891038967,18.30486997712224,20.61994586127224,27.150037992246073,21.84924169
B_acf_sq_r_der_nrmse,2,23.660524859942146,26.015515134138916,21.390165231619413,29.35632578337795,30.58380755136212,26.20126771
B_acf_sq_r_der_nrmse,3,28.428042577602465,29.75357886294951,28.395943362654165,25.8405056626465,29.55720650129553,28.39505539
B_acf_sq_r_der_nrmse,4,21.96061397841109,27.483116982818924,23.412908569120653,25.56389938298106,29.001701907647664,25.48444816
B_acf_sq_r_der_nrmse,5,28.72937309120153,30.277755867696342,28.725003724013792,31.941416368161065,36.89820691084527,31.31435119
B_acf_sq_r_der_nrmse,6,25.197217058630507,35.21716043403866,26.21291566941068,27.980347403037353,29.465047822346392,28.81453768
B_acf_sq_r_der_nrmse,7,14.152960028595581,15.898626674146293,11.314176944112544,14.598304287327817,15.098383295270962,14.21249025
B_acf_sq_r_der_pct,0,205.1645446753187,195.46584799363217,141.2459354994121,161.4493403359431,214.19951262931298,183.50503623
B_acf_sq_r_der_pct,1,158.03653087204316,125.32565521554045,151.483627773794,216.00873196736265,247.88255297321987,179.74741976
B_acf_sq_r_der_pct,2,101.40774818840342,123.39822440196635,122.34600627637609,196.92792952701538,213.70320229125198,151.55662214
B_acf_sq_r_der_pct,3,114.27933291692236,122.37005329271358,116.42652151932162,114.79356943696362,113.5553134467844,116.28495812
B_acf_sq_r_der_pct,4,90.8100369065291,125.89354103619395,96.6460502464443,100.1391635885657,133.07060543394294,109.31187944
B_acf_sq_r_der_pct,5,98.45750274315546,109.09749133779351,100.97481382227261,120.28025368579117,128.86252676405766,111.53451767
B_acf_sq_r_der_pct,6,85.74168115792172,128.32674579761948,96.91539481505099,107.24281249237349,113.4209539939049,106.32951765
B_acf_sq_r_der_pct,7,71.46055501044698,90.33034311787883,70.72168116876145,86.2270570475281,82.45378260164085,80.23868379
B_acf_sq_r_funct,0,0.0006350773438178644,0.0005140286684583153,0.00038171722197205283,0.00034266342701722084,0.0003708784518330334,0.00044887
B_acf_sq_r_funct,1,0.0005737449596486613,0.00036550840539166426,0.00030375733076931026,0.00026736524872797554,0.0002590973089837495,0.00035389
B_acf_sq_r_funct,2,6.768214654000059e-05,3.6540277223892536e-05,4.4989798815215424e-05,3.679379555398526e-05,3.617190417497192e-05,4.444e-05
B_acf_sq_r_funct,3,0.0001783835867719582,0.00010072631334616063,8.999272930962119e-05,0.00010219634203615982,8.394582900175784e-05,0.00011105
B_acf_sq_r_funct,4,0.0004299390475226288,0.0003505885358131671,0.00029474209511630016,0.0002019611205448031,0.0002270301717398698,0.00030085
B_acf_sq_r_funct,5,0.0005996675745514089,0.0003422357887378956,0.0004252186966267937,0.00027119840616383244,0.0003119035296813416,0.00039004
B_acf_sq_r_funct,6,0.0004593468103935829,0.0003105822523370353,0.0002860022759223399,0.0002246723533029577,0.00017519711216472863,0.00029116
B_acf_sq_r_funct,7,0.0004672569260654501,0.00030474022821539397,0.0003053961925245511,0.00028529769194447156,0.00024721238569198634,0.00032198
B_acf_sq_r_funct_cvar90,0,61.380614767804786,60.95485647183444,50.683612206859564,48.58493763132954,52.02483456356344,54.72577113
B_acf_sq_r_funct_cvar90,1,45.41950920407886,41.30333166521035,33.14402199621647,33.01392900647294,34.546248158247764,37.48540801
B_acf_sq_r_funct_cvar90,2,18.200798801529743,14.073403209509394,15.084863859203281,14.528124267787087,13.268459964179902,15.03113002
B_acf_sq_r_funct_cvar90,3,26.480734345798545,22.545019675529396,19.789384395351036,20.834630409958844,19.645694087023124,21.85909258
B_acf_sq_r_funct_cvar90,4,46.280933944868146,43.60531363308534,42.93477946144845,34.539369778399696,36.046164588388294,40.68131228
B_acf_sq_r_funct_cvar90,5,57.36157313159467,46.28400400947425,52.38017427756374,42.392020606779546,43.15038920106179,48.31363225
B_acf_sq_r_funct_cvar90,6,59.999781883612435,55.36375010825646,49.38369031955776,44.26053167080045,39.2814164822144,49.65783409
B_acf_sq_r_funct_cvar90,7,56.797371409648036,48.682700078706496,47.43697878982545,45.79143761539315,39.616421123257496,47.6649818
B_acf_sq_r_funct_cvar95,0,76.20182338501836,79.3859588043865,65.87431609773192,62.870927573611155,70.79262093381362,71.02512936
B_acf_sq_r_funct_cvar95,1,55.690863819812705,52.357174786139396,43.20187944367343,40.96325530110349,48.31006491234677,48.10464765
B_acf_sq_r_funct_cvar95,2,18.292050435658506,15.428180141773563,16.369936101298592,15.139747361962797,13.99163941751175,15.84431069
B_acf_sq_r_funct_cvar95,3,27.450762094418383,28.33782938767271,21.916680563823494,23.086782414540018,20.67662590028418,24.29373607
B_acf_sq_r_funct_cvar95,4,51.325674987147465,50.26614272455545,51.499297369700784,34.557460774335084,41.87007314757172,45.9037298
B_acf_sq_r_funct_cvar95,5,69.79145850151777,57.98822402332067,64.48826634931207,53.57433403561169,58.52726347830873,60.87390928
B_acf_sq_r_funct_cvar95,6,66.90715021905031,66.02248786848047,56.18459559154191,48.70596514216014,42.561079780572626,56.07625572
B_acf_sq_r_funct_cvar95,7,60.32968667668004,49.420269253916366,50.878575488686586,48.020728040398026,44.32999308309731,50.59585051
B_acf_sq_r_funct_nrmse,0,32.34850435818352,29.10278604346092,25.07908995188435,23.76155032894952,24.720468465566345,27.00247983
B_acf_sq_r_funct_nrmse,1,27.587446521333458,22.019159986429628,20.07314614578406,18.83235107917466,18.53888087552995,21.41019692
B_acf_sq_r_funct_nrmse,2,12.10698573749324,8.895797490769807,9.870882776485509,8.926603900174456,8.850843357778066,9.73022265
B_acf_sq_r_funct_nrmse,3,19.102391773556953,14.354291822013316,13.567943095408161,14.458657739506448,13.10418039193506,14.91749296
B_acf_sq_r_funct_nrmse,4,29.516462711822655,26.6538359399982,24.43891652853747,20.22994726761825,21.448782916443868,24.45758907
B_acf_sq_r_funct_nrmse,5,33.74372280227465,25.49179535163904,28.414753160856833,22.692444300461812,24.335924898164905,26.9357281
B_acf_sq_r_funct_nrmse,6,39.77570191254131,32.70663145867553,31.385730719694756,27.817770312310852,24.564672101022094,31.2501013
B_acf_sq_r_funct_nrmse,7,36.342920920876196,29.349915115921537,29.381486509724823,28.398217718456397,26.434863255199144,29.9814807
B_acf_sq_r_funct_pct,0,367.0287524727309,276.292417853426,271.8022629955835,230.4874540361431,224.48766551938513,274.01971058
B_acf_sq_r_funct_pct,1,549.2268580959114,319.02897485739595,402.07362502931244,311.6111613825,283.4725564548902,373.08263516
B_acf_sq_r_funct_pct,2,229.8359440641551,168.34235870460952,183.3984278481064,121.45307203198026,128.68483169667883,166.34292687
B_acf_sq_r_funct_pct,3,645.9907592456526,451.2504208313131,418.01416323930687,426.3315050589777,401.8176780789945,468.68090529
B_acf_sq_r_funct_pct,4,679.737140012899,326.19257476790415,319.7517813426564,313.6755122699619,247.31099629571688,377.33360094
B_acf_sq_r_funct_pct,5,620.2655662005926,486.4218723207884,473.599558267282,331.7470859248874,410.38987382709166,464.48479131
B_acf_sq_r_funct_pct,6,559.4205215470244,423.5602553236815,402.75853996405743,335.2840097834993,278.6358852906935,399.93184238
B_acf_sq_r_funct_pct,7,538.2740758857699,409.6824029384414,425.1029697223534,407.4370113772013,382.3172427592258,432.56274054
B_acf_sq_r_sec_der,0,7.890415195382202e-05,8.46060359613565e-05,6.260758970202149e-05,6.57979657066714e-05,0.000128595359442793,8.41e-05
B_acf_sq_r_sec_der,1,0.00010766194800957969,6.795275566865965e-05,6.493935509863269e-05,9.89872858024119e-05,0.0001520339764215173,9.832e-05
B_acf_sq_r_sec_der,2,0.00011796077828916763,0.000141924176705534,9.85453496511257e-05,0.00018628485063978815,0.0001991158731894391,0.00014877
B_acf_sq_r_sec_der,3,0.0001439046883435082,0.0001465357499642374,0.00014449799118515386,0.00011629007077593596,0.0001549673766070127,0.00014124
B_acf_sq_r_sec_der,4,8.75659054455727e-05,0.00015229717924717165,9.445396209213194e-05,0.000131632468559289,0.0001786687492253592,0.00012892
B_acf_sq_r_sec_der,5,0.00011943429102004367,0.00014888105956619157,0.00012148547450946107,0.00019097845365373506,0.00023855237424859685,0.00016387
B_acf_sq_r_sec_der,6,8.499645441594703e-05,0.00017088302592855489,9.9490537388527e-05,0.00012179392726886794,0.00014364468844906206,0.00012416
B_acf_sq_r_sec_der,7,4.461518519183728e-05,7.403649715609764e-05,2.705112833370574e-05,6.240396052019224e-05,6.824321112036909e-05,5.527e-05
B_acf_sq_r_sec_der_nrmse,0,56.106820556440276,58.098698613085546,49.978040300204704,51.235616231421965,71.62726674479995,57.40928849
B_acf_sq_r_sec_der_nrmse,1,81.64851493951555,64.86653651696304,63.4119573595535,78.29010604394811,97.02585991886573,77.04859496
B_acf_sq_r_sec_der_nrmse,2,79.54225291303185,87.24835846958648,72.70213091093613,99.95806533440353,103.34322593047618,88.55880671
B_acf_sq_r_sec_der_nrmse,3,51.945550085085614,52.41826881825858,52.05252276913529,46.69627043229815,53.90524429276361,51.40357128
B_acf_sq_r_sec_der_nrmse,4,65.37026905286038,86.2102056215065,67.89266261389812,80.14829057541498,93.37638352550489,78.59956228
B_acf_sq_r_sec_der_nrmse,5,59.02744496691131,65.90360816874997,59.53216053469814,74.64172254942495,83.42214235188557,68.50541571
B_acf_sq_r_sec_der_nrmse,6,71.93814122247986,102.00190202143871,77.83047761713827,86.11357603421955,93.51980510456347,86.2807804
B_acf_sq_r_sec_der_nrmse,7,43.75590121619834,56.36612958015834,34.071242811695505,51.748928268925184,54.11591552333812,48.01162348
B_acf_sq_r_sec_der_pct,0,75.7967702638403,69.65231246758078,60.89485691962746,68.94230305682534,102.80330581437612,75.6179097
B_acf_sq_r_sec_der_pct,1,76.32101930754997,53.62125877052508,56.21427776717284,76.17986966009387,83.53474367245725,69.17423384
B_acf_sq_r_sec_der_pct,2,71.04612290368007,79.7463751177494,60.6166723500289,88.84270024582149,90.81945393451582,78.21426491
B_acf_sq_r_sec_der_pct,3,154.48338211347829,177.14345910088417,154.8847821397378,96.41838097519539,164.96112764863352,149.5782264
B_acf_sq_r_sec_der_pct,4,59.66816767440473,85.04338087897608,76.8734562422036,69.82597269165754,101.38033040353069,78.55826158
B_acf_sq_r_sec_der_pct,5,81.73792936287501,83.63545787037991,73.74196532023322,93.5311962743141,116.0623879937089,89.74178736
B_acf_sq_r_sec_der_pct,6,55.94638233200465,93.49365866083578,69.64933557096712,79.34312010123281,82.60518758932218,76.20753685
B_acf_sq_r_sec_der_pct,7,47.36863922274632,77.38480329912716,46.417550011781145,69.28427367105887,70.8717695935031,62.26540716
B_log_ret_hist_der,0,282288.280377022,271236.65053658414,278037.18409678014,288623.50987855793,278741.6101215925,279785.44700211
B_log_ret_hist_der,1,35383.72922244689,34788.84519873847,34040.301114105474,36831.86028836753,36914.24086138759,35591.79533701
B_log_ret_hist_der,2,114374.4924417528,113718.14440090171,114107.02404106037,116839.1346465653,114370.70284599648,114681.89967526
B_log_ret_hist_der,3,205950.70779566548,205820.08733384495,206290.25704586136,207342.73545172764,207023.29300374485,206485.41612617
B_log_ret_hist_der,4,132090.20367618647,131532.23462973916,129739.3839822642,129472.88884430753,127636.58665694369,130094.25955789
B_log_ret_hist_der,5,126690.47360109327,129263.89444347486,127613.20629684743,126379.17556670184,127589.02756728862,127507.15549508
B_log_ret_hist_der,6,704862.1873027268,702749.5752137743,705334.3640520705,709737.5578867288,706883.1919838528,705913.37528783
B_log_ret_hist_der,7,1386132.308597332,1384504.5434290308,1384936.1768454902,1380923.911676155,1385225.15971225,1384344.42005205
B_log_ret_hist_der_nrmse,0,13.254781298534837,12.9927274599716,13.154598068337028,13.402690664638959,13.171251559109717,13.19520981
B_log_ret_hist_der_nrmse,1,13.295263426074161,13.183027304806947,13.040427884649667,13.564599403936306,13.57976067076919,13.33261574
B_log_ret_hist_der_nrmse,2,12.59922504083627,12.563022149626605,12.584484573105417,12.734251096668206,12.599016312630226,12.61599983
B_log_ret_hist_der_nrmse,3,16.10964780501489,16.104538370311143,16.1229222582917,16.163998940969734,16.1515426142837,16.13053
B_log_ret_hist_der_nrmse,4,14.650968123410891,14.61999142093108,14.520010629220199,14.50509032810283,14.401860809936466,14.53958426
B_log_ret_hist_der_nrmse,5,14.501771452593545,14.648315812376739,14.554486473200365,14.483943950020187,14.553107596855808,14.54832506
B_log_ret_hist_der_nrmse,6,14.775385512113218,14.753226512194475,14.78033358965167,14.8263964379984,14.796552592536022,14.78637893
B_log_ret_hist_der_nrmse,7,14.356329881523177,14.347897930902565,14.350134308393091,14.329332517508025,14.351631390610988,14.34706521
B_log_ret_hist_der_pct,0,162205.78189152663,728968.9336217908,405148.02832808683,81218.62681319586,162116.7958198546,307931.63329489
B_log_ret_hist_der_pct,1,58417.8058960055,349732.21772508393,291464.2673946602,116654.3016127227,134.87882854353072,163280.6942914
B_log_ret_hist_der_pct,2,1950072.7270477363,1461629.373513754,1137555.8462567152,2518115.0472465036,2841244.2379308413,1981723.44639911
B_log_ret_hist_der_pct,3,172.18869922241265,211.0164430828391,197.33132613246434,212.8205781375517,218.35234268316736,202.34187785
B_log_ret_hist_der_pct,4,1089384.911019926,1453221.20910653,969209.4043534633,968758.1866866476,1209965.9238376035,1138107.92700083
B_log_ret_hist_der_pct,5,152.1593190942371,138.853601681863,165.27436472870417,171.3307952186534,169.87425688480062,159.49846752
B_log_ret_hist_der_pct,6,316660867.4091749,323890878.3406486,304738830.84164727,281694810.15825164,291478153.7776503,303692708.1054746
B_log_ret_hist_der_pct,7,117.6440265911229,115.35407057494287,117.43578407372736,117.38782692168719,119.84311348824399,117.53296433
B_log_ret_hist_funct,0,141535.56204615638,143859.46582361212,137789.3873843466,137837.96603656752,158132.06160104752,143830.88857835
B_log_ret_hist_funct,1,52285.06040833328,57341.73129668864,49931.748600603016,44906.03433466131,64925.94369916714,53878.10366789
B_log_ret_hist_funct,2,64142.89075540353,62340.44855971424,61547.4524298595,66460.11097664012,64396.38372538176,63777.4572894
B_log_ret_hist_funct,3,64773.33956526031,64801.63787085051,64704.579811905685,65219.020074513144,65775.81987855278,65054.87944022
B_log_ret_hist_funct,4,56841.56662246193,58788.6016747253,54352.6407471724,50811.45093405594,58882.20398739312,55935.29279316
B_log_ret_hist_funct,5,55154.219850273235,58567.86891437176,54354.93535620665,51149.64187808614,63757.71712138907,56596.87662407
B_log_ret_hist_funct,6,306818.92422355036,307701.27382302826,306919.81608593004,307587.84714173793,312179.3415248289,308241.44055982
B_log_ret_hist_funct,7,590855.9710004153,590092.5673963383,589663.6720459069,592002.0140171592,588055.4994200281,590133.94477597
B_log_ret_hist_funct_cvar90,0,18.48001281552382,18.493076143408818,18.20601112569088,18.31525640449847,19.376053475086266,18.57408199
B_log_ret_hist_funct_cvar90,1,21.33011214121543,22.58692521169602,20.938933048762472,20.01234173698174,24.141922275073714,21.80204688
B_log_ret_hist_funct_cvar90,2,13.940547416661664,14.229277325704789,13.889931371059966,13.48387866187046,14.476144906847141,14.00395594
B_log_ret_hist_funct_cvar90,3,23.661694585843605,23.7520345614738,23.572891465722304,23.528760856381346,23.94221645964239,23.69151959
B_log_ret_hist_funct_cvar90,4,22.292479866068803,22.681128568659624,21.709640336804927,21.186377522948828,22.518489353763957,22.07762313
B_log_ret_hist_funct_cvar90,5,22.256994411788643,22.953399180797724,22.018174993802724,21.538134489489156,23.911678624571444,22.53567634
B_log_ret_hist_funct_cvar90,6,24.706736121107486,24.992701923774106,24.67912495510551,24.428932650574627,25.195317243568578,24.80056258
B_log_ret_hist_funct_cvar90,7,18.577810970726567,18.672729297899405,18.451535059476623,18.38783737288177,18.78413538957297,18.57480962
B_log_ret_hist_funct_cvar95,0,29.933640751982093,30.226867680611345,29.69833947471281,29.71498250019205,31.26928600398875,30.16862328
B_log_ret_hist_funct_cvar95,1,35.15626377431978,36.45358977816524,34.611322494431505,33.06395177287323,38.58508976084598,35.57404352
B_log_ret_hist_funct_cvar95,2,20.267595774144002,21.056712224392825,20.672600074661165,20.10722789987949,21.013093351580114,20.62344586
B_log_ret_hist_funct_cvar95,3,33.8192761751906,34.05718956305969,33.88976172886981,33.765898312576034,34.22749071305913,33.9519233
B_log_ret_hist_funct_cvar95,4,32.32883963695334,32.74636388269461,31.361085393490285,31.1395468874747,32.63225295211051,32.04161775
B_log_ret_hist_funct_cvar95,5,35.055060199124895,35.64210699621085,34.649815441697676,34.294445300064226,36.92284315476264,35.31285422
B_log_ret_hist_funct_cvar95,6,34.008571511901415,34.254109359932,33.878875025727,33.597339808744856,34.558557866504415,34.05949071
B_log_ret_hist_funct_cvar95,7,28.72223885017462,28.869254155446782,28.628292978514658,28.38927714927441,29.12345138696842,28.7465029
B_log_ret_hist_funct_nrmse,0,7.3548498726053815,7.414984492156851,7.2568627622676045,7.258141879451002,7.774115557684904,7.41179091
B_log_ret_hist_funct_nrmse,1,9.212990441606047,9.648220364817593,9.003268480416374,8.538157574019161,10.266465426043528,9.33382046
B_log_ret_hist_funct_nrmse,2,6.44908999257542,6.357833266375971,6.3172667214891325,6.564546122723715,6.461820842068663,6.43011139
B_log_ret_hist_funct_nrmse,3,9.034115547854828,9.036088753560183,9.02931921882499,9.065142410630902,9.103756469910481,9.05368448
B_log_ret_hist_funct_nrmse,4,9.474698740448943,9.63560427320539,9.264942216300195,8.958043945365286,9.64327205318315,9.39531225
B_log_ret_hist_funct_nrmse,5,9.518658615522547,9.808804737347808,9.449435610887795,9.166587258950157,10.234173081315468,9.63553186
B_log_ret_hist_funct_nrmse,6,9.74827530814548,9.762282285952107,9.749877948551827,9.760482804702393,9.833062386823563,9.77079615
B_log_ret_hist_funct_nrmse,7,9.372889399931815,9.366832415989219,9.363427762765147,9.381974973458622,9.350650742772096,9.36715506
B_log_ret_hist_funct_pct,0,61.581220072323596,62.6863804568778,60.779546740904124,60.337164972742094,67.31252021676102,62.53936649
B_log_ret_hist_funct_pct,1,66.11543382677334,67.92355669269416,66.14342621710836,65.27360229205442,70.9791958794606,67.28704298
B_log_ret_hist_funct_pct,2,40.57706082885211,42.08460189812266,38.573380098216134,37.98754421550532,46.189168688850586,41.08235115
B_log_ret_hist_funct_pct,3,1132984563.5321229,1199403855.7634716,1149691317.4475446,1120988431.4415586,1213469998.5541146,1163307633.3477623
B_log_ret_hist_funct_pct,4,94.18461939779884,95.23673180034731,91.39807697181432,88.11821707281818,99.33840519956523,93.65521009
B_log_ret_hist_funct_pct,5,139.84517511457622,145.87425781693744,136.65254943275343,132.82891870991128,155.73252903950083,142.18668602
B_log_ret_hist_funct_pct,6,5495695161.329674,5611551007.853568,5443206245.558665,5297812928.050264,5688188011.667117,5507290670.891859
B_log_ret_hist_funct_pct,7,3646309295.2591157,3732591801.43382,3631986337.2621603,3498856945.7471557,3819614137.7608886,3665871703.4926286
B_log_ret_hist_sec_der,0,914691.3563719483,880587.0410724597,902085.0810415656,927728.3944811132,904884.3379010264,905995.24217362
B_log_ret_hist_sec_der,1,103436.15934706578,98572.18877125873,100057.75989373961,112128.69302296935,102536.38470409134,103346.23714782
B_log_ret_hist_sec_der,2,302475.4891392536,301521.49985874054,304376.597205871,306903.4145676893,301589.941808197,303373.38851595
B_log_ret_hist_sec_der,3,698366.3837780461,698207.6044215464,699473.1778711634,703000.5173154318,701643.0912187503,700138.15492099
B_log_ret_hist_sec_der,4,465549.9879237984,463618.09824408113,457073.2497901644,457225.0420101732,448514.6067600113,458396.19694565
B_log_ret_hist_sec_der,5,449846.4630549217,458553.8356857591,454027.89444561396,450745.99236716505,449972.28704188624,452629.29451907
B_log_ret_hist_sec_der,6,2151163.2678941535,2143856.4734114218,2151831.738133133,2164144.9099671515,2152957.7564871786,2152790.82917861
B_log_ret_hist_sec_der,7,4331379.854713568,4323964.451190934,4326874.142829652,4306020.738644349,4332446.103950939,4324137.05826589
B_log_ret_hist_sec_der_nrmse,0,12.032289913139307,11.805846846524904,11.9490877418939,12.117734266037708,11.9676129664989,11.97451435
B_log_ret_hist_sec_der_nrmse,1,11.542250008797799,11.267601625996969,11.352190531597683,12.017459405635094,11.491938260938204,11.53428797
B_log_ret_hist_sec_der_nrmse,2,12.105309250416227,12.086204470439753,12.143291589773881,12.193591878667673,12.087576108050605,12.12319466
B_log_ret_hist_sec_der_nrmse,3,16.463353256094575,16.461481610140265,16.47639392410904,16.51788568554111,16.501930759059398,16.48420905
B_log_ret_hist_sec_der_nrmse,4,16.959387727554905,16.92416301756168,16.804280095864364,16.807070181746095,16.646207538940306,16.82822171
B_log_ret_hist_sec_der_nrmse,5,15.184550413078588,15.330804586984428,15.254959204392412,15.199724620166311,15.186673856574776,15.23134254
B_log_ret_hist_sec_der_nrmse,6,12.906161716300865,12.884224077323319,12.908166844178293,12.945045599670795,12.91154371876457,12.91102839
B_log_ret_hist_sec_der_nrmse,7,12.688948293443877,12.678081781838516,12.682346745756522,12.651748498834662,12.690510006957586,12.67832707
B_log_ret_hist_sec_der_pct,0,326.68846838183015,330.0554691059921,303.08867419195076,305.0735231883539,361.7294271274952,325.3271124
B_log_ret_hist_sec_der_pct,1,824534.0047140833,1177536.503817252,588910.1970318061,1000847.1277787718,353345.6172957563,789034.69012753
B_log_ret_hist_sec_der_pct,2,127.09280553693098,119.00699693362054,145.70051491182926,118.2412146037844,119.87879978202531,125.98406635
B_log_ret_hist_sec_der_pct,3,142.25519030960382,206.4457161649616,215.942267139514,195.94916478614942,146.22476229083986,181.36342014
B_log_ret_hist_sec_der_pct,4,116.10061988884797,119.05447644121394,130.07268653514072,114.21726114243609,115.80109947507837,119.0492287
B_log_ret_hist_sec_der_pct,5,136.5595242165507,148.97735021413808,147.71063766265678,132.42294030074476,134.74737166999265,140.08356481
B_log_ret_hist_sec_der_pct,6,135.38052899918728,156.65645185010308,134.57940469935363,117.75748977759176,145.03750100461147,137.88227527
B_log_ret_hist_sec_der_pct,7,106.98201277720167,104.55385944939994,102.60245595818247,104.84302099651043,102.80258714535357,104.35678727
B_qq_plot_der,0,8.382244117381783e-10,8.90617578283119e-10,8.793765629941823e-10,9.11103420244344e-10,1.151292375929187e-09,0.0
B_qq_plot_der,1,3.39133334224735e-09,3.6465437978751034e-09,3.674851490073322e-09,3.6654220106907897e-09,4.226304770599304e-09,0.0
B_qq_plot_der,2,1.1051889460653984e-09,1.344365359526011e-09,1.0800932802926744e-09,1.1926120797647559e-09,1.481027761350957e-09,0.0
B_qq_plot_der,3,7.661716025329701e-10,8.955794083865781e-10,7.717220495414544e-10,7.13169892799541e-10,1.2553069108338797e-09,0.0
B_qq_plot_der,4,4.897586260015436e-10,3.4200347724617217e-10,3.2036637089790555e-10,3.9578303783540265e-10,6.224109080207882e-10,0.0
B_qq_plot_der,5,4.775050330492405e-10,5.582732852319654e-10,3.2034641911510044e-10,5.623236401034388e-10,1.0215769159479096e-09,0.0
B_qq_plot_der,6,3.742303331667878e-09,3.6277803385258545e-09,3.596705977943541e-09,3.4700866081800272e-09,4.238313503276414e-09,0.0
B_qq_plot_der,7,4.902155654937074e-09,4.963258962105397e-09,4.997435858930406e-09,5.174333435413723e-09,4.9627446582756624e-09,0.0
B_qq_plot_der_nrmse,0,5.6790199093563265,5.853813342355481,5.816753799762916,5.92075482199339,6.655582225176754,5.98518482
B_qq_plot_der_nrmse,1,7.617173867836177,7.898585907422806,7.929184537248391,7.919005063777041,8.503330025883717,7.97345588
B_qq_plot_der_nrmse,2,6.15392655638324,6.787232076650043,6.083656361248559,6.3926899976190885,7.123864367708251,6.50827387
B_qq_plot_der_nrmse,3,3.6515563295511386,3.9479080467086285,3.6647591128993318,3.52299055843317,4.674013245669984,3.89224546
B_qq_plot_der_nrmse,4,3.0933399053064177,2.584948279982205,2.50184303130455,2.7807707465752665,3.487186661838214,2.88961773
B_qq_plot_der_nrmse,5,2.602321238593628,2.813813782559442,2.131482966046176,2.8240026521371147,3.806339000422241,2.83559193
B_qq_plot_der_nrmse,6,7.267815131376952,7.1557452348550195,7.125032456916489,6.998493052453597,7.734476381220352,7.25631245
B_qq_plot_der_nrmse,7,12.379151227389826,12.456062757290775,12.498875275292377,12.718167066665313,12.455417378237097,12.50153474
B_qq_plot_der_pct,0,72.24182572275572,71.31478400922616,71.63944779673479,73.20789101104636,73.07030229235998,72.29485017
B_qq_plot_der_pct,1,55.8465270174264,56.619999525822365,55.85470594619451,55.5610755076892,58.52412032078645,56.48128566
B_qq_plot_der_pct,2,75.24995953547024,73.62256810425158,72.25558971510725,76.28252263434089,75.66486951659303,74.6151019
B_qq_plot_der_pct,3,155.78834132208635,148.37486508469436,154.26378345822042,159.49393790746424,147.90063243478656,153.16431204
B_qq_plot_der_pct,4,82.75055659325668,81.59349053863217,82.42297393767858,87.26452515775188,83.14802933393514,83.43591511
B_qq_plot_der_pct,5,93.28345828876435,92.3202684765437,92.52498803718555,97.2605074888985,91.93351311775008,93.46454708
B_qq_plot_der_pct,6,239.7807658954769,234.36733801731572,241.68006069289981,249.96444130600955,232.88645549446616,239.73581228
B_qq_plot_der_pct,7,353.49435023479157,346.62700432754167,358.46035448064646,369.43577269853216,334.8960962604013,352.5827156
B_qq_plot_funct,0,2.8530107986793608e-08,2.99225276814097e-08,2.768009779964942e-08,2.7347178401283524e-08,3.604067210664026e-08,3e-08
B_qq_plot_funct,1,6.783028851553253e-08,7.201707885818613e-08,6.780859585223494e-08,6.574320663513205e-08,8.058242879810993e-08,7e-08
B_qq_plot_funct,2,1.1251281050641591e-08,1.2588222971114592e-08,1.042226669017299e-08,1.0206224784755125e-08,1.5016956527548045e-08,1e-08
B_qq_plot_funct,3,1.0218151097738767e-08,1.2213750922961504e-08,9.039587999956128e-09,8.105868109291628e-09,1.822838121653252e-08,1e-08
B_qq_plot_funct,4,3.0363719119266904e-08,3.0432876887391465e-08,2.5769785561498408e-08,2.53643232748446e-08,3.7740329474547795e-08,3e-08
B_qq_plot_funct,5,3.2925332605400446e-08,3.720954385437037e-08,2.762093633962889e-08,2.9472123993528745e-08,5.0150147122267e-08,4e-08
B_qq_plot_funct,6,1.0527864673975666e-07,1.0867118115792244e-07,1.032429099080521e-07,9.887671896490817e-08,1.2139210676881842e-07,1.1e-07
B_qq_plot_funct,7,1.4215519322251082e-07,1.4643161922590696e-07,1.3323584229511094e-07,1.263850864147119e-07,1.5744035117309337e-07,1.4e-07
B_qq_plot_funct_cvar90,0,12.733801752912047,12.957239500612882,12.519716357845967,12.569837523368262,14.33612999590661,13.02334503
B_qq_plot_funct_cvar90,1,14.343079891728392,14.767339879323998,14.372561911885152,14.266176359425215,15.65460496781955,14.6807526
B_qq_plot_funct_cvar90,2,8.783540550845878,9.21950151639657,8.409469599925227,8.344169682187202,10.095357288081502,8.97040773
B_qq_plot_funct_cvar90,3,5.634096585288647,6.0443492509547445,5.258950447630499,5.03630431166651,7.437010073028047,5.88214213
B_qq_plot_funct_cvar90,4,9.585759272773345,9.426768511656856,8.698433722988556,8.88369546454405,10.851042407761303,9.48913988
B_qq_plot_funct_cvar90,5,8.278158035122335,8.80909149640777,7.280686624401398,7.953018777511091,10.655387415168649,8.59526847
B_qq_plot_funct_cvar90,6,13.819128194699262,13.963043550071303,13.677043942501824,13.498201836518863,15.0202754338426,13.99553859
B_qq_plot_funct_cvar90,7,15.002581268953168,15.178979640696685,14.310873114698373,13.853820655724466,16.00961947863234,14.87117483
B_qq_plot_funct_cvar95,0,15.563755075188881,15.82226510847103,15.37976572685068,15.570457118597378,17.720471206721246,16.01134285
B_qq_plot_funct_cvar95,1,18.22435375403569,18.713285705364914,18.321515322653163,18.351565134526606,20.013481790082857,18.72484034
B_qq_plot_funct_cvar95,2,11.867353458466704,12.45725913215244,11.385281985468687,11.523871212393736,13.674839542177693,12.18172107
B_qq_plot_funct_cvar95,3,7.304396427494749,7.820119145633482,6.889416822446027,6.6608766945241635,9.669844283151814,7.66893067
B_qq_plot_funct_cvar95,4,11.202410891653567,10.779570769507885,9.993667033074713,10.426261802397278,12.85386065284413,11.05115423
B_qq_plot_funct_cvar95,5,9.471172574293758,10.094645174675081,8.16686019877685,9.300791920491106,12.67031619052537,9.94075721
B_qq_plot_funct_cvar95,6,16.757451019990445,16.825181383257092,16.578503594202843,16.3342679304335,18.307032480054232,16.96048728
B_qq_plot_funct_cvar95,7,17.600817216596635,17.753281235556333,16.523604133511206,15.74063287485839,18.90530216049942,17.30472752
B_qq_plot_funct_nrmse,0,10.50732238693909,10.760674349006951,10.349614174186652,10.287186460179145,11.809643576085099,10.74288819
B_qq_plot_funct_nrmse,1,11.6816046826662,12.036727367163103,11.679736598465293,11.500483905688013,12.732416876808198,11.92619389
B_qq_plot_funct_nrmse,2,6.614481711882254,6.996438916622654,6.366136177793447,6.299809223647491,7.641626294528068,6.78369846
B_qq_plot_funct_nrmse,3,4.2658961208353015,4.6638937181589615,4.012346527933598,3.7994775438757786,5.697681476884157,4.48785908
B_qq_plot_funct_nrmse,4,7.958555857685538,7.967614084598114,7.331826654269278,7.273918420197332,8.872778291421959,7.88093866
B_qq_plot_funct_nrmse,5,7.365510173890691,7.830056960438217,6.746164808633284,6.968566778437181,9.090208696542922,7.60010148
B_qq_plot_funct_nrmse,6,11.96650343236163,12.157781011885746,11.85024259294363,11.59695965183727,12.84968102737074,12.08423354
B_qq_plot_funct_nrmse,7,15.388350762899409,15.618098031569735,14.89776941263199,14.509706475204826,16.194544490898398,15.32169383
B_qq_plot_funct_pct,0,150.49446256868083,144.54885458848477,149.1479652684172,156.65631959077652,145.2461371581432,149.21874783
B_qq_plot_funct_pct,1,61.54475673601738,60.616099216957544,59.84262617344325,63.85324329749449,65.15834190840953,62.20301347
B_qq_plot_funct_pct,2,96.556814609593,94.94343732149994,94.9624311336315,103.99394626898054,97.2457234511747,97.54047056
B_qq_plot_funct_pct,3,379.46527397678767,364.64304364607074,377.97747905208894,393.06234600621286,362.8898997891737,375.60760849
B_qq_plot_funct_pct,4,162.6928597320001,158.4010119974277,159.87050172226063,174.2078701873476,163.4492307820074,163.72429488
B_qq_plot_funct_pct,5,234.1379398886793,228.7381599180805,232.2469790274309,252.06047346452004,231.13189288995179,235.66308904
B_qq_plot_funct_pct,6,1553.5641870797651,1515.8691149895305,1571.1912979291412,1636.525431783008,1518.4659140121823,1559.12318916
B_qq_plot_funct_pct,7,3085.9188833290846,3030.5393396805143,3121.3176264380245,3230.2622644636117,2926.5112647447613,3078.90987573
B_qq_plot_sec_der,0,2.2762816262092812e-10,2.4020819468085554e-10,2.4661850457598105e-10,2.468469270147204e-10,3.1323045321759114e-10,0.0
B_qq_plot_sec_der,1,1.156078960225486e-09,1.2709542960005122e-09,1.3054424919380572e-09,1.2221160914320296e-09,1.4615963266426461e-09,0.0
B_qq_plot_sec_der,2,4.00055245841553e-10,5.329724667382521e-10,4.131344445101969e-10,4.6358636180443765e-10,5.521938638849805e-10,0.0
B_qq_plot_sec_der,3,5.165843356436565e-10,5.646054098757702e-10,5.317036082805182e-10,4.977499244016158e-10,6.612047085899809e-10,0.0
B_qq_plot_sec_der,4,2.0680556855732305e-10,1.7627575999097517e-10,1.8065916529973851e-10,1.8258418647332128e-10,1.9619488716280577e-10,0.0
B_qq_plot_sec_der,5,3.235968885352091e-10,3.28667738669754e-10,2.610262094273996e-10,3.4171629668014447e-10,4.303544856808442e-10,0.0
B_qq_plot_sec_der,6,3.197502452996746e-09,3.1076255424938924e-09,3.058826279467546e-09,3.0416096366326634e-09,3.268885643789597e-09,0.0
B_qq_plot_sec_der,7,9.67623359797036e-09,9.977490301385236e-09,1.0268580189903712e-08,1.0853088244634937e-08,9.6824520413875e-09,1e-08
B_qq_plot_sec_der_nrmse,0,4.997701511076345,5.133945185097804,5.201997603590925,5.204406137295779,5.862587088977925,5.28012751
B_qq_plot_sec_der_nrmse,1,7.197980427719698,7.547130844637952,7.64884367647868,7.4007058657503855,8.0933930875584,7.57761078
B_qq_plot_sec_der_nrmse,2,5.834868127089912,6.734780523706144,5.929482107108639,6.281109806035605,6.8551482047076995,6.32707775
B_qq_plot_sec_der_nrmse,3,4.966020299007717,5.191709593404826,5.038168378075346,4.874650410036044,5.618311866661921,5.13777211
B_qq_plot_sec_der_nrmse,4,3.2913604942512276,3.0387196596585535,3.0762692008236954,3.092615428291954,3.205812961563749,3.14095555
B_qq_plot_sec_der_nrmse,5,3.413624621683116,3.440266861852094,3.065883527991097,3.5078938202388823,3.936649606531172,3.47286369
B_qq_plot_sec_der_nrmse,6,10.775485338804094,10.622964701085282,10.53922808796061,10.509526144499878,10.895101011986299,10.66846106
B_qq_plot_sec_der_nrmse,7,23.130652924486018,23.487964241908323,23.828127726983585,24.49691453446537,23.13808420201657,23.61634873
B_qq_plot_sec_der_pct,0,30.39405479605794,30.363031272219505,29.43558155364269,30.429985603635707,31.23421987131474,30.37137462
B_qq_plot_sec_der_pct,1,31.78908245789614,31.750016334535374,30.873430906369354,30.481808802766295,31.922559469818594,31.36337959
B_qq_plot_sec_der_pct,2,45.440303935451006,47.84330668728806,46.36288755307314,47.41010333743444,47.57099392736273,46.92551909
B_qq_plot_sec_der_pct,3,65.14329277054823,67.9011909005358,67.24638984241784,64.67076391925211,65.13425441660543,66.01917837
B_qq_plot_sec_der_pct,4,64.50410680910483,64.24845359548506,63.33030437700159,64.8719445640407,64.56280928939108,64.30352373
B_qq_plot_sec_der_pct,5,67.25600061853844,67.0346302587663,66.22488793090595,66.46358600165219,67.71168995677785,66.93815895
B_qq_plot_sec_der_pct,6,64.8510262636256,65.71049805365973,64.94285420089636,65.60730123861163,64.4623143344892,65.11479882
B_qq_plot_sec_der_pct,7,78.27582389275639,78.97297732509078,81.17930326765479,81.60215700709598,78.64627510208018,79.73530732
B_roll_vol_hist_der,0,119938.98050577291,143814.11577167202,108125.28397027346,104499.64169501315,169574.5193660737,129190.50826176
B_roll_vol_hist_der,1,22931.498372406117,27130.932027618896,24734.260216455186,18829.383317352156,30578.407180358394,24840.89622284
B_roll_vol_hist_der,2,8497.24807731647,6365.12173907111,5588.086472219358,7048.425482517179,10049.851215658618,7509.74659736
B_roll_vol_hist_der,3,2366.609301151103,3072.525046383942,2068.4195239127394,2188.554050120043,3594.066318669173,2658.03484805
B_roll_vol_hist_der,4,20726.75195725809,24864.46560482606,17341.960199493737,17038.115321334073,23476.99909685157,20689.65843595
B_roll_vol_hist_der,5,12262.07621421065,14388.7624972298,12259.451680303622,11288.062827941112,18243.991604031155,13688.46896474
B_roll_vol_hist_der,6,62902.98118107152,69315.99726143068,62133.74648913102,57461.70686948858,69466.67748387554,64256.221857
B_roll_vol_hist_der,7,103054.69413036235,105541.77948946781,101395.41498579612,100746.00184928042,110356.72881869109,104218.92385472
B_roll_vol_hist_der_nrmse,0,71.18193202937584,77.94537534366027,67.58545245561433,66.44265767468707,84.63887699373784,73.5588589
B_roll_vol_hist_der_nrmse,1,34.318930591447064,37.32930347618894,35.642404334836606,31.098223337893604,39.63008096318939,35.60378854
B_roll_vol_hist_der_nrmse,2,19.783215717692805,17.122260294131507,16.043137168732198,18.017884311355573,21.514811919912212,18.49626188
B_roll_vol_hist_der_nrmse,3,10.06976925648545,11.473712182631989,9.414029388522842,9.683556121863985,12.409357000315307,10.61008479
B_roll_vol_hist_der_nrmse,4,45.2561339231439,49.56799938475375,41.39624212336207,41.031992111065506,48.165172218276346,45.08350795
B_roll_vol_hist_der_nrmse,5,27.646827968094495,29.948496651215905,27.643869092321783,26.52607624300986,33.722769682717484,29.09760793
B_roll_vol_hist_der_nrmse,6,28.73608249445011,30.165371998685504,28.55983657649867,27.46510151762408,30.198141183639756,29.02490675
B_roll_vol_hist_der_nrmse,7,19.212835364897277,19.44329109000142,19.057535194886018,18.99640770659058,19.881858625534647,19.3183856
B_roll_vol_hist_der_pct,0,1451851.7566864137,1088653.625816915,3447147.5524311704,1451453.4326276348,1088357.9781769807,1705492.86914782
B_roll_vol_hist_der_pct,1,148.7113144538484,150.85939842507153,148.52258222647373,152.11169588711076,154.9246080155646,151.0259198
B_roll_vol_hist_der_pct,2,538009.6604028856,716893.1320615739,1434070.0384772285,537835.5467058351,134.28971592526452,645388.53347269
B_roll_vol_hist_der_pct,3,127387.3150951902,160.29259273560515,254689.44219011615,890035.3331981751,636008.9713351087,381656.27088227
B_roll_vol_hist_der_pct,4,3155314.2587111415,1723049.8653180911,1006000.6775820127,3712568.2529956866,716417.1497643294,2062670.04087425
B_roll_vol_hist_der_pct,5,226348077.24323756,225081519.21213278,228937698.60750762,222119344.12025452,252774586.66377002,231052245.1693805
B_roll_vol_hist_der_pct,6,110873.2998111962,660329.1944682617,330500.6820117648,1209546.2365555412,550231.9746641887,572296.27750219
B_roll_vol_hist_der_pct,7,2328116.0981192677,155.0524848714036,232995.09145690722,1397798.33791544,1396424.545425296,1071097.82508036
B_roll_vol_hist_funct,0,799955.5321073404,894713.1206122583,755738.5467711415,689589.9482966756,1052175.0438887398,838434.43833523
B_roll_vol_hist_funct,1,554775.2530791417,611298.4374634912,523883.56527305575,451544.1533789748,682764.3271567799,564853.14727029
B_roll_vol_hist_funct,2,126912.31974093925,110159.10674544044,91242.6514217744,109330.14768525159,159992.01546405558,119527.24821149
B_roll_vol_hist_funct,3,27266.76841755461,38390.460894213786,22289.149989171434,18812.550047568257,48151.525732063696,30982.09101611
B_roll_vol_hist_funct,4,361922.08590235695,407209.0422828253,319447.09655668883,266495.4249541983,407074.6417988864,352429.65829899
B_roll_vol_hist_funct,5,347116.7156350706,389232.5686051739,326458.64694105374,294877.35434390994,471831.021655129,365903.26143607
B_roll_vol_hist_funct,6,510245.809115113,548523.8616189553,490750.09725966357,462925.77345435,583777.5025988397,519244.60880938
B_roll_vol_hist_funct,7,569089.5447875425,593127.8380822924,537427.942026019,523221.3399837328,617054.1708395173,567984.16714382
B_roll_vol_hist_funct_cvar90,0,84.35939485616267,88.081679257401,81.72847844438084,79.30518147185477,95.51952870763584,85.79885255
B_roll_vol_hist_funct_cvar90,1,88.03048069528032,91.28607682298109,85.31707638335153,79.92303831930379,95.92238066468121,88.09581058
B_roll_vol_hist_funct_cvar90,2,32.35446159299891,30.48223146006696,27.721003563524455,30.05019978871662,36.606806745775145,31.44294063
B_roll_vol_hist_funct_cvar90,3,22.139798323586923,25.752590021583284,19.74800809103957,18.335422640050254,29.07481243452662,23.0101263
B_roll_vol_hist_funct_cvar90,4,71.57248300128879,75.71235108891055,67.38369921927097,61.827660949959,75.98837744955229,70.49691434
B_roll_vol_hist_funct_cvar90,5,76.00447837172698,80.32168750735052,73.61441697846337,70.82348645806678,88.39112766501074,77.8310394
B_roll_vol_hist_funct_cvar90,6,83.28727978054113,86.47891323208746,81.62874354230183,78.8615753819934,88.80770634541852,83.81284366
B_roll_vol_hist_funct_cvar90,7,115.72064124961176,118.73001973869621,112.40755479195602,110.79285049414791,121.25859494341576,115.78193224
B_roll_vol_hist_funct_cvar95,0,124.95527523502315,133.51316582300632,121.82026543207168,114.47956550712736,145.0065092854628,127.95495626
B_roll_vol_hist_funct_cvar95,1,133.18126796708412,140.9348679967473,129.80531652022594,118.61071645408914,149.10598376457742,134.32763054
B_roll_vol_hist_funct_cvar95,2,40.19988391951234,36.71797249729869,33.159138240230305,35.80325123492865,45.72105215966399,38.32025961
B_roll_vol_hist_funct_cvar95,3,26.843265007477594,32.9906492044458,24.400296632654307,22.21270265167281,36.60339108330209,28.61006092
B_roll_vol_hist_funct_cvar95,4,101.1776040503611,107.5764715951818,94.72396048292234,85.28878130047262,106.75560652199516,99.10448479
B_roll_vol_hist_funct_cvar95,5,114.5470969559137,121.50273478016453,111.19244349488105,104.4115674263669,133.9998981738586,117.13074817
B_roll_vol_hist_funct_cvar95,6,107.42622757621689,112.69666092575878,104.7914557924084,101.27293729705195,115.60777283060392,108.35901088
B_roll_vol_hist_funct_cvar95,7,130.26393539224847,134.24470463014302,125.1886021491393,122.7748579981351,135.67785996129564,129.62999203
B_roll_vol_hist_funct_nrmse,0,32.42257098925755,34.28912713377461,31.51376657486031,30.103014512478943,37.18420709188056,33.10253726
B_roll_vol_hist_funct_nrmse,1,33.98982366791906,35.679356607213734,33.02993801404786,30.66482447559172,37.70733006841228,34.21425457
B_roll_vol_hist_funct_nrmse,2,12.055364287907205,11.231522980532818,10.221800386103226,11.189183972888832,13.535602809670797,11.64669489
B_roll_vol_hist_funct_nrmse,3,8.185077593435308,9.71220026702403,7.4003578242208725,6.798761402090432,10.877046681028228,8.59468875
B_roll_vol_hist_funct_nrmse,4,27.031409294741916,28.672783261738203,25.39572513247384,23.195622072179503,28.66805110506388,26.59271817
B_roll_vol_hist_funct_nrmse,5,29.33275946971335,31.0613082242858,28.44652658678045,27.035591001314568,34.19860591440692,30.01495824
B_roll_vol_hist_funct_nrmse,6,30.796125379106083,31.9303822975428,30.20205910155081,29.333375136480395,32.94048832505154,31.04048605
B_roll_vol_hist_funct_nrmse,7,44.77071620720715,45.706492232333886,43.507473044323554,42.92857405061291,46.61926096788519,44.7065033
B_roll_vol_hist_funct_pct,0,78.6863432209591,80.64438793403842,78.4237671299615,77.33309856417031,86.82069678364186,80.38165873
B_roll_vol_hist_funct_pct,1,89.52877461572399,92.41105003098585,89.70526681080048,87.78370662372167,96.13738163928683,91.11323594
B_roll_vol_hist_funct_pct,2,57.03962778140497,58.92858369993085,54.31862657148485,56.40566150490866,63.10447440564463,57.95939479
B_roll_vol_hist_funct_pct,3,40.337434569975805,43.146117762733965,38.42760040861402,36.49219824698769,50.1976915539622,41.72020851
B_roll_vol_hist_funct_pct,4,64.049865863029,64.0847906903046,60.74688639191761,60.37129344517268,68.51962108288481,63.55449149
B_roll_vol_hist_funct_pct,5,65.10576977672952,68.5138395734921,61.208841405163525,61.667165990592885,78.02630110354114,66.90438357
B_roll_vol_hist_funct_pct,6,394948535.55691564,456952976.9088359,375607459.058652,308511384.3559681,382915734.27896607,383787218.0318675
B_roll_vol_hist_funct_pct,7,273.2550281400392,275.3053280086912,269.00962791079473,232.17028083968506,314.49179144910687,272.84641127
B_roll_vol_hist_sec_der,0,69505.69875480387,93921.72359289417,57297.32047310697,49700.47452023607,101217.62255340343,74328.56797889
B_roll_vol_hist_sec_der,1,9160.981492435834,12323.564471190393,12491.11601434167,8353.793840965933,13514.59484864006,11168.81013351
B_roll_vol_hist_sec_der,2,3215.8379900827463,1814.2838462530065,2390.682807029936,2281.061734461846,3343.6230872679935,2609.09789302
B_roll_vol_hist_sec_der,3,5158.970932277452,5811.642128743314,4778.399858897418,5147.714248990996,6338.654981382074,5447.07643006
B_roll_vol_hist_sec_der,4,6336.39419348714,8286.466189078265,5871.8827951755175,4927.084457236297,6544.5546731708455,6393.27646163
B_roll_vol_hist_sec_der,5,3040.623839540625,4519.096665306321,3387.6177952610046,4361.864124290334,5859.689583138315,4233.77840151
B_roll_vol_hist_sec_der,6,72918.46691401338,78644.47690256612,74827.69868149637,70855.3279849975,75838.44787477065,74616.88367157
B_roll_vol_hist_sec_der,7,155371.77739049838,153506.2434728357,150179.8705093055,158161.57416260216,159044.60919796355,155252.81494664
B_roll_vol_hist_sec_der_nrmse,0,48.723443916911535,56.638376745742036,44.23794326610836,41.20102671806827,58.79709064246589,49.91957626
B_roll_vol_hist_sec_der_nrmse,1,75.99683050087488,88.14397827009778,88.74115935397533,72.57154247338167,92.30516278543253,83.55173468
B_roll_vol_hist_sec_der_nrmse,2,28.736277982005937,21.584204762657322,24.776754325886166,24.20203892227345,29.30165112060161,25.72018542
B_roll_vol_hist_sec_der_nrmse,3,18.384949119548168,19.51328211776277,17.693841651899326,18.364880527694496,20.378839483080426,18.86715858
B_roll_vol_hist_sec_der_nrmse,4,83.95407730338754,96.00754854144147,80.81823998442003,74.03135572094936,85.32194543651669,84.0266334
B_roll_vol_hist_sec_der_nrmse,5,27.134462285179104,33.08001419271932,28.64092726734453,32.49944451622674,37.668400263468804,31.8046497
B_roll_vol_hist_sec_der_nrmse,6,17.70460731594995,18.38660931411818,17.934890457042304,17.452345033115314,18.055613602454397,17.90681314
B_roll_vol_hist_sec_der_nrmse,7,20.585684857107672,20.4617264799285,20.238816638219443,20.769676987630792,20.82757608438178,20.57669621
B_roll_vol_hist_sec_der_pct,0,167.0819409826625,155.2262073735831,144.6456383009041,173.2554715961284,140.24732754313825,156.09131716
B_roll_vol_hist_sec_der_pct,1,179.53868501660855,214.022445595404,211.75326320393415,204.1150612864024,190.50143769100248,199.98617856
B_roll_vol_hist_sec_der_pct,2,442.5061679280664,327.9012411785949,347.94735169376776,320.3112138821903,301.539905616821,348.04117606
B_roll_vol_hist_sec_der_pct,3,5396323.348089602,15053916.771513399,10799870.136527365,3981602.8128661797,6809197.738203924,8408182.16144009
B_roll_vol_hist_sec_der_pct,4,9851955.93654044,12183364.368476836,12193514.921537565,32743149.930205394,11287659.31287544,15651928.89392713
B_roll_vol_hist_sec_der_pct,5,210.94644459542985,311.30451339819103,270.1911541543036,281.54413721667305,299.94720980733973,274.78669183
B_roll_vol_hist_sec_der_pct,6,111.57692156698758,117.61224906560872,128.10511601576658,129.50036843837424,145.62254572152946,126.48344016
B_roll_vol_hist_sec_der_pct,7,1528781.760536576,6467363.883292415,4351346.467273646,1176800.1460618705,4467193.436628757,3598297.13875865
B_tail_surv_der,0,6.30420341041905e-05,6.894679796858559e-05,6.22739669923913e-05,5.700702343049395e-05,7.695382311852334e-05,6.564e-05
B_tail_surv_der,1,4.294050207577864e-05,4.6762448053492376e-05,4.1516122153810064e-05,3.7348213306547205e-05,5.194015503296e-05,4.41e-05
B_tail_surv_der,2,3.595741413115738e-05,3.893898219818145e-05,3.769199706980913e-05,3.314136968233585e-05,3.958862695771145e-05,3.706e-05
B_tail_surv_der,3,0.00031959748664352596,0.0003499373601339804,0.0003240404911189913,0.0003036107608778704,0.0003592933344300772,0.0003313
B_tail_surv_der,4,0.00040291926832638814,0.00041868464176678127,0.0003940273018553482,0.00035387135034588047,0.00042494268974572433,0.00039889
B_tail_surv_der,5,0.0005325768170801291,0.0005636310360795906,0.0005246279735438051,0.00047679959743706946,0.0006166468758708151,0.00054286
B_tail_surv_der,6,0.00239420423645132,0.0024932278825414763,0.0023626217478573803,0.002241094396615586,0.002548101338009169,0.00240785
B_tail_surv_der,7,0.0012850333430582733,0.0013190952052746236,0.0012588795452878124,0.001205149240802671,0.0013895295265474673,0.00129154
B_tail_surv_der_nrmse,0,79.36727871158132,83.00102043177581,78.88231490509561,75.47281759796054,87.6882658387923,80.8823395
B_tail_surv_der_nrmse,1,65.51959832061021,68.37325988623061,64.4237584536574,61.10441385456706,72.05917539819637,66.29604118
B_tail_surv_der_nrmse,2,59.92518028420465,62.36018875550396,61.35355013545356,57.53079161184562,62.878235075291286,60.80958917
B_tail_surv_der_nrmse,3,177.60930246856813,185.84855409666014,178.8395925985907,173.11018125382256,188.31660287799738,180.74484666
B_tail_surv_der_nrmse,4,200.34028172396785,204.22211848905874,198.1173084773418,187.75087232325444,205.74270389887678,199.23465698
B_tail_surv_der_nrmse,5,229.97694195109207,236.58685740063405,228.25425793437753,217.60110975204503,247.46366101840428,231.97656561
B_tail_surv_der_nrmse,6,480.9771347101574,490.8229042895971,477.7942643901031,465.3437745645351,496.19476875879707,482.22656934
B_tail_surv_der_nrmse,7,347.8147996453936,352.3943446163235,344.2571330741654,336.83039526162224,361.68021234672756,348.59537699
B_tail_surv_der_pct,0,57.808161241098055,60.08064784913698,57.376351304858986,55.66518049718533,63.972887781925635,58.98064573
B_tail_surv_der_pct,1,52.69720520889325,54.54073052410228,51.990837908836205,49.45862789276519,57.599735584401444,53.25742742
B_tail_surv_der_pct,2,199.69607235395858,208.3773209829577,205.26019779998407,190.73061185469047,207.76490988742907,202.36582258
B_tail_surv_der_pct,3,92.26502156641233,95.35643331189736,92.35281918408036,90.16875731983629,97.28644945832254,93.48589617
B_tail_surv_der_pct,4,78.02091321275843,79.26438350063329,76.48771491001386,74.57850531535655,80.29493349877372,77.72929009
B_tail_surv_der_pct,5,74.322863324486,76.04006083831922,73.11508210763402,71.58741167721018,79.46887566090035,74.90685872
B_tail_surv_der_pct,6,179.64148293968458,182.62042131354445,178.6663772603917,175.3947425461364,184.96239116589194,180.25708305
B_tail_surv_der_pct,7,112.3867931432161,112.84897432641712,111.20812603583343,110.40759833208078,114.45109665337425,112.2605177
B_tail_surv_funct,0,0.018096890446403287,0.019928183722508024,0.017503374246578933,0.01612483968811016,0.023625483444717058,0.01905575
B_tail_surv_funct,1,0.025203269290258554,0.027602260400074897,0.02442357217400542,0.021734419255255308,0.031069721757727948,0.02600665
B_tail_surv_funct,2,0.0026184601649433497,0.0027984351273382412,0.0024661134056209928,0.0024097112847516343,0.0031864231898990087,0.00269583
B_tail_surv_funct,3,0.00317617264409927,0.003662757480531544,0.0031040929673335797,0.0028862587659168348,0.004240547953266843,0.00341397
B_tail_surv_funct,4,0.01296098143186497,0.014069760335296446,0.011625857914301619,0.009869993538274786,0.01528620862979539,0.01276256
B_tail_surv_funct,5,0.0169003864520532,0.01892686542050288,0.01573116173670193,0.014267330455331316,0.023183377912375788,0.01780182
B_tail_surv_funct,6,0.0569102681133083,0.058639910784703965,0.05626471781715707,0.054579235903473286,0.061156013269352376,0.05751003
B_tail_surv_funct,7,0.08272889765173788,0.08329981503905225,0.08190703389065844,0.08135596142751639,0.08433761585649044,0.08272586
B_tail_surv_funct_cvar90,0,20.90187933990863,22.029510842745843,20.545815624693876,19.631899474711247,24.074446430660558,21.43671034
B_tail_surv_funct_cvar90,1,23.55413170251209,24.614783200055683,23.23743299469027,21.819357498946356,26.21458292051948,23.88805766
B_tail_surv_funct_cvar90,2,8.62619027926407,8.476317543782022,8.49161228337719,8.761273933597524,8.748349646522382,8.62074874
B_tail_surv_funct_cvar90,3,15.25543999451933,15.25543999451933,15.25543999451933,15.25543999451933,15.25543999451933,15.25543999
B_tail_surv_funct_cvar90,4,18.261741982402548,19.092111189363077,17.18593733757924,15.975332309344415,19.945923941264738,18.09220935
B_tail_surv_funct_cvar90,5,20.151685130627243,21.41313747485055,19.46851773942529,18.362986724608618,23.892599214669165,20.65778526
B_tail_surv_funct_cvar90,6,43.6399569215567,43.84735576472787,43.580270040733026,43.443388211417115,44.134300816208686,43.72905435
B_tail_surv_funct_cvar90,7,66.44142502486409,66.44142502486409,66.44142502486409,66.44142502486409,66.44142502486409,66.44142502
B_tail_surv_funct_cvar95,0,20.97341159552963,22.104431033461722,20.606633191274994,19.71668048464634,24.169418790068033,21.51411502
B_tail_surv_funct_cvar95,1,23.614295888889803,24.658801857111744,23.289296826027,21.875505384497792,26.285671445144686,23.94471428
B_tail_surv_funct_cvar95,2,9.350554574463258,8.964998579432839,9.07223673727615,9.80557861252256,9.113237923859357,9.26132129
B_tail_surv_funct_cvar95,3,15.25543999451933,15.25543999451933,15.25543999451933,15.25543999451933,15.25543999451933,15.25543999
B_tail_surv_funct_cvar95,4,18.678153618715324,19.514152741025008,17.567299141923375,16.386171773029552,20.37833031144129,18.50482152
B_tail_surv_funct_cvar95,5,20.494612723764792,21.760797924529957,19.817638947296626,18.642488197052558,24.256298789295965,20.99436732
B_tail_surv_funct_cvar95,6,45.130595705476836,46.404010032401985,44.70824206464426,43.443388211417115,47.95882107402563,45.52901142
B_tail_surv_funct_cvar95,7,66.44142502486409,66.44142502486409,66.44142502486409,66.44142502486409,66.44142502486409,66.44142502
B_tail_surv_funct_nrmse,0,14.456290977908552,15.170111111235688,14.217256273493314,13.645913227202774,16.517535717823815,14.80142146
B_tail_surv_funct_nrmse,1,16.583964053651336,17.355304276175858,16.32542513862916,15.400468330862285,18.41317114608269,16.81566659
B_tail_surv_funct_nrmse,2,5.560790498488095,5.748720177590032,5.396598021281619,5.334528669718431,6.13430371978189,5.63498822
B_tail_surv_funct_nrmse,3,6.52815888595357,7.010399173998777,6.453659165431826,6.223093096100952,7.543096345683184,6.75168133
B_tail_surv_funct_nrmse,4,12.823634465479309,13.360894529535047,12.145200570383043,11.190529076897624,13.926503003730312,12.68935233
B_tail_surv_funct_nrmse,5,14.817726560306498,15.68095850307078,14.295970936582144,13.6145916133105,17.354880029946617,15.15282553
B_tail_surv_funct_nrmse,6,34.37940075882717,34.89792758966719,34.18385670455705,33.66795301404732,35.63875875915931,34.55357937
B_tail_surv_funct_nrmse,7,48.11353611938701,48.27926796677439,47.87394951545933,47.71262918289383,48.57908358375512,48.11169327
B_tail_surv_funct_pct,0,37.55700857340946,38.805347234514244,36.9718606571724,36.176102970598286,42.039380878150375,38.30994006
B_tail_surv_funct_pct,1,42.72122206722477,44.26090145964099,42.38928606242359,41.002948527111116,46.58441909579513,43.39175544
B_tail_surv_funct_pct,2,17.585280262860458,18.75337986806167,17.07336310901728,16.108011131307,20.365088307495707,17.97702454
B_tail_surv_funct_pct,3,13.456125036551386,15.28188585322069,12.792416951548248,11.587182273933582,17.98716575664142,14.22095517
B_tail_surv_funct_pct,4,31.32222455561245,32.01955213183952,29.40886732220483,27.960414880787688,34.19494682163596,30.98120114
B_tail_surv_funct_pct,5,32.82948400551059,34.610857225658584,30.96576681235621,30.51709606050884,38.76610824233084,33.53786247
B_tail_surv_funct_pct,6,55.2105741118893,55.98062478194677,54.85998216689122,53.888367949999314,57.89856114425317,55.56762203
B_tail_surv_funct_pct,7,64.73385719992265,65.13322576834385,63.74218462280806,62.96249508501878,66.23182931824148,64.5607184
B_tail_surv_sec_der,0,9.881493697827105e-06,1.0668949492911413e-05,9.857051272478876e-06,9.074429017738552e-06,1.1667116836114033e-05,1.023e-05
B_tail_surv_sec_der,1,7.313760612747012e-06,7.907915151228763e-06,7.049194384389756e-06,5.96461231494678e-06,8.31289082941818e-06,7.31e-06
B_tail_surv_sec_der,2,6.420534001764686e-05,6.978839996101169e-05,6.881069188573798e-05,6.030558139830651e-05,6.883995404150625e-05,6.639e-05
B_tail_surv_sec_der,3,0.0005959498810577637,0.0006546690013451252,0.000607131022320319,0.0005659973981738711,0.0006703221682430824,0.00061881
B_tail_surv_sec_der,4,0.0007992990747935742,0.0008294722066724015,0.0007828464793659284,0.0007013316463989201,0.0008384891951894614,0.00079029
B_tail_surv_sec_der,5,0.001010064944380883,0.0010699270035201013,0.0009988179726197143,0.000905636928841445,0.0011644188922978608,0.00102977
B_tail_surv_sec_der,6,0.0042614015011511585,0.004443144294581951,0.004195815814475007,0.003967885237994339,0.004531569330682239,0.00427996
B_tail_surv_sec_der,7,0.0024138608537159385,0.0024814662125758682,0.002367601598679525,0.0022534475488263034,0.0026251210612548946,0.0024283
B_tail_surv_sec_der_nrmse,0,33.31734713756029,34.619432499628026,33.276115467119816,31.92778341742227,36.20269390260184,33.86867448
B_tail_surv_sec_der_nrmse,1,37.125407501399785,38.60396019063202,36.44773979725219,33.52678960681064,39.580100918764536,37.0567996
B_tail_surv_sec_der_nrmse,2,81.83651834895768,85.32046035124911,84.72069926708954,79.3122597255959,84.73871134284947,83.18572981
B_tail_surv_sec_der_nrmse,3,365.3328878027743,382.9083084038171,368.74412807434913,356.03370890765626,387.45894551332714,372.09559574
B_tail_surv_sec_der_nrmse,4,363.0712144216317,369.86061036758235,359.3150963431158,340.09393007375877,371.8655083085526,360.8412719
B_tail_surv_sec_der_nrmse,5,433.09007729234395,445.73902479581653,430.67212025538925,410.09138494165126,465.00562432095035,436.91964632
B_tail_surv_sec_der_nrmse,6,1069.201113473466,1091.763030015358,1060.9413660542873,1031.722083364018,1102.5733461210543,1071.24018781
B_tail_surv_sec_der_nrmse,7,628.0533245137493,636.7875826956417,622.0062022945752,606.8259296897213,654.9604430147863,629.72669644
B_tail_surv_sec_der_pct,0,37838.8480626148,38722.41661567837,37403.48789486741,37600.40046336354,42497.89404973283,38812.60941725
B_tail_surv_sec_der_pct,1,28396.601490330075,27962.788992639777,26057.360526205535,26181.65297321199,29443.75991730486,27608.43277994
B_tail_surv_sec_der_pct,2,95085.38106410761,95492.20056390321,94761.4822668786,91444.00167653333,96095.19330050501,94575.65177439
B_tail_surv_sec_der_pct,3,90357.45397363359,89284.05607254793,87620.74298970368,88480.34826710675,88806.8836827635,88909.89699715
B_tail_surv_sec_der_pct,4,125325.9969776061,125290.48078416867,123091.93811276143,122211.40502798549,127264.13410485475,124636.79100148
B_tail_surv_sec_der_pct,5,79798.20214630442,81032.54590720191,79483.07437559745,79939.00687391273,81330.24666018764,80316.61519264
B_tail_surv_sec_der_pct,6,32846.11165688159,32585.824622050917,33058.08646680908,34092.236457967396,32513.37772491994,33019.12738573
B_tail_surv_sec_der_pct,7,102801.47256298231,104203.06349660811,103354.86648141782,103505.96891740138,103328.08035859388,103438.6903634
grid_tvd,0,7.641855875651042,9.605153401692707,9.155527750651043,9.441375732421875,12.991841634114584,9.76715088
grid_tvd,1,10.655466715494793,11.732991536458332,11.171213785807293,10.840352376302082,13.575490315755207,11.59510295
grid_tvd,2,3.885650634765625,4.157765706380209,3.7648518880208335,6.103261311848958,9.212748209635416,5.42485555
grid_tvd,3,8.766937255859375,6.319427490234373,7.260894775390625,11.003875732421875,10.50262451171875,8.77075195
grid_tvd,4,4.871368408203126,3.997039794921876,3.146616617838542,7.719675699869792,9.37957763671875,5.82285563
grid_tvd,5,3.1344095865885415,3.96728515625,3.2152811686197915,6.861623128255209,11.042785644531252,5.64427694
grid_tvd,6,8.100636800130207,8.109792073567707,9.163665771484375,9.594472249348957,13.980611165364584,9.78983561
grid_tvd,7,4.8248291015625,3.754170735677083,3.9639790852864585,5.37109375,10.458119710286457,5.67443848
